freq,unit,geo\TIME_PERIOD	1990 	1991 	1992 	1993 	1994 	1995 	1996 	1997 	1998 	1999 	2000 	2001 	2002 	2003 	2004 	2005 	2006 	2007 	2008 	2009 	2010 	2011 	2012 	2013 	2014 	2015 	2016 	2017 	2018 	2019 	2020 	2021 	2022 
A,RT,AL	: 	: 	: 	: 	: 	: 	: 	: 	: 	: 	: 	: 	: 	: 	: 	: 	: 	: 	: 	: 	: 	: 	: 	7.9 	7.9 	7.1 	8.7 	8.0 	8.9 	10.3 	10.0 	: 	6.5 
A,RT,AL0	: 	: 	: 	: 	: 	: 	: 	: 	: 	: 	: 	: 	: 	: 	: 	: 	: 	: 	: 	: 	: 	: 	: 	7.9 	7.8 	7.1 	8.6 	7.8 	8.7 	10.1 	10.1 	: 	6.5 
A,RT,AL01	: 	: 	: 	: 	: 	: 	: 	: 	: 	: 	: 	: 	: 	: 	: 	: 	: 	: 	: 	: 	: 	: 	: 	: 	8.9 	: 	8.4 	7.9 	9.1 	11.1 	9.0 	: 	6.1 
A,RT,AL02	: 	: 	: 	: 	: 	: 	: 	: 	: 	: 	: 	: 	: 	: 	: 	: 	: 	: 	: 	: 	: 	: 	: 	: 	8.4 	: 	10.5 	8.2 	9.9 	10.6 	11.3 	: 	7.2 
A,RT,AL03	: 	: 	: 	: 	: 	: 	: 	: 	: 	: 	: 	: 	: 	: 	: 	: 	: 	: 	: 	: 	: 	: 	: 	: 	6.0 	: 	6.2 	7.2 	6.4 	8.2 	9.2 	: 	5.9 
A,RT,AT	7.8 	7.5 	7.5 	6.5 	6.3 	5.4 	5.1 	4.7 	4.9 	4.4 	4.8 	4.8 	4.1 	4.5 	4.5 	4.2 	3.6 	3.7 	3.7 	3.8 	3.9 	3.6 	3.2 	3.1 	3.0 	3.1 	3.1 	2.9 	2.7 	2.9 	3.1 	2.7 	2.4 
A,RT,AT1	8.0 	7.9 	8.0 	7.0 	6.6 	: 	5.0 	4.5 	5.5 	4.9 	5.2 	5.3 	4.7 	5.5 	4.9 	4.7 	3.9 	4.9 	5.0 	4.6 	4.7 	4.6 	3.7 	3.8 	3.9 	3.7 	3.8 	3.4 	3.2 	3.9 	3.7 	3.4 	3.0 
A,RT,AT11	4.9 	8.1 	7.6 	5.1 	5.3 	: 	6.1 	4.5 	3.0 	3.1 	5.0 	5.4 	2.3 	6.0 	2.3 	3.7 	3.8 	4.1 	3.2 	0.9 	2.3 	3.7 	2.3 	3.8 	2.7 	2.7 	4.3 	1.8 	4.0 	1.8 	1.0 	2.7 	3.3 
A,RT,AT12	7.8 	7.2 	6.2 	6.3 	7.4 	: 	4.6 	4.4 	4.4 	5.1 	5.4 	4.1 	3.9 	4.6 	4.4 	3.6 	3.5 	4.4 	4.7 	4.2 	3.6 	3.9 	3.1 	2.7 	3.2 	3.1 	3.0 	2.8 	2.0 	3.1 	2.8 	3.4 	2.5 
A,RT,AT13	8.7 	8.5 	9.9 	8.1 	5.9 	: 	5.4 	4.6 	7.0 	5.1 	5.1 	6.3 	5.7 	6.3 	5.7 	5.7 	4.3 	5.4 	5.5 	5.5 	5.8 	5.3 	4.3 	4.7 	4.5 	4.3 	4.2 	4.1 	3.9 	4.7 	4.7 	3.6 	3.3 
A,RT,AT2	6.6 	6.4 	6.7 	5.5 	4.7 	: 	4.2 	4.6 	3.7 	3.4 	3.9 	3.9 	2.7 	2.8 	3.1 	3.3 	3.5 	2.4 	2.5 	2.8 	2.8 	2.6 	3.1 	2.2 	2.4 	3.1 	2.1 	1.9 	2.4 	2.2 	1.9 	1.8 	1.8 
A,RT,AT21	7.5 	7.4 	7.3 	5.9 	5.3 	: 	5.3 	4.4 	4.2 	3.6 	3.3 	5.0 	2.5 	2.3 	2.9 	2.9 	3.7 	2.1 	1.9 	3.1 	1.7 	3.9 	2.8 	0.9 	1.3 	3.2 	2.3 	0.8 	2.4 	1.1 	1.3 	1.1 	2.7 
A,RT,AT22	6.2 	5.9 	6.4 	5.2 	4.4 	: 	3.7 	4.6 	3.5 	3.3 	4.2 	3.3 	2.9 	3.1 	3.2 	3.5 	3.4 	2.5 	2.7 	2.7 	3.3 	2.0 	3.2 	2.8 	2.9 	3.1 	2.1 	2.4 	2.4 	2.6 	2.2 	2.0 	1.4 
A,RT,AT3	8.4 	7.7 	7.5 	6.5 	6.8 	: 	5.6 	5.1 	5.0 	4.3 	4.9 	4.9 	4.0 	4.1 	4.7 	4.1 	3.3 	2.9 	2.8 	3.3 	3.6 	2.9 	2.7 	2.7 	2.4 	2.3 	2.7 	2.8 	2.3 	2.3 	3.1 	2.4 	2.2 
A,RT,AT31	7.7 	8.0 	8.4 	6.9 	7.1 	: 	5.8 	6.0 	4.2 	4.2 	4.9 	4.7 	3.7 	4.7 	5.2 	3.7 	3.4 	3.4 	3.1 	3.9 	3.9 	3.0 	2.9 	2.7 	2.9 	2.7 	2.8 	2.7 	2.3 	2.8 	3.6 	2.5 	2.1 
A,RT,AT32	8.1 	5.7 	5.0 	5.5 	6.0 	: 	4.7 	5.4 	4.6 	2.7 	3.5 	4.0 	4.4 	4.4 	4.8 	4.5 	2.2 	2.4 	2.6 	2.5 	4.9 	1.8 	2.6 	1.9 	2.8 	3.1 	1.8 	3.3 	2.7 	1.6 	2.1 	2.8 	1.7 
A,RT,AT33	9.4 	8.0 	7.6 	7.3 	7.3 	: 	6.0 	3.4 	6.2 	3.9 	5.3 	4.9 	3.9 	3.1 	4.0 	3.9 	3.3 	2.3 	1.6 	2.7 	2.5 	3.3 	2.0 	2.7 	2.0 	1.3 	2.4 	3.0 	2.2 	1.7 	3.2 	2.4 	2.6 
A,RT,AT34	9.4 	8.8 	7.6 	4.4 	5.4 	: 	5.0 	4.2 	5.7 	7.1 	5.9 	6.5 	4.7 	3.4 	4.0 	5.0 	4.7 	3.2 	4.0 	3.5 	2.6 	3.7 	3.1 	3.5 	0.7 	2.0 	4.4 	2.6 	2.1 	2.3 	2.4 	1.6 	2.5 
A,RT,BE	6.5 	7.0 	6.9 	6.7 	6.3 	5.9 	5.0 	5.4 	5.2 	4.9 	4.8 	4.5 	4.4 	4.1 	3.7 	3.7 	4.0 	3.9 	3.8 	3.5 	3.6 	3.4 	3.8 	3.5 	3.4 	3.3 	3.2 	3.6 	3.8 	3.6 	3.3 	2.9 	2.9 
A,RT,BE1	5.9 	7.7 	6.6 	6.1 	5.6 	6.1 	3.5 	5.5 	5.0 	5.0 	5.4 	4.7 	5.1 	4.7 	3.5 	2.9 	3.2 	3.9 	4.3 	3.1 	3.0 	2.7 	3.5 	2.5 	3.2 	2.5 	3.1 	3.8 	3.6 	3.5 	4.5 	2.7 	2.7 
A,RT,BE10	5.9 	7.7 	6.6 	6.1 	5.6 	6.1 	3.5 	5.5 	5.0 	5.0 	5.4 	4.7 	5.1 	4.7 	3.5 	2.9 	3.2 	3.9 	4.3 	3.1 	3.0 	2.7 	3.5 	2.5 	3.2 	2.5 	3.1 	3.8 	3.6 	3.5 	4.5 	2.7 	2.7 
A,RT,BE2	6.7 	6.5 	6.7 	6.3 	6.0 	6.0 	5.3 	5.1 	5.1 	4.7 	4.8 	4.4 	4.3 	4.2 	3.8 	3.7 	4.2 	4.1 	4.0 	3.5 	3.7 	3.6 	4.1 	3.6 	3.2 	3.7 	3.1 	3.6 	3.9 	3.6 	3.2 	2.9 	2.8 
A,RT,BE21	7.2 	6.4 	6.7 	6.3 	5.7 	5.3 	4.7 	4.5 	5.0 	4.5 	5.2 	3.6 	4.4 	4.3 	3.6 	3.4 	4.5 	3.1 	4.5 	3.2 	4.1 	3.6 	4.9 	3.5 	3.2 	3.1 	3.2 	3.6 	4.7 	3.8 	3.0 	3.1 	3.4 
A,RT,BE22	7.0 	7.3 	5.7 	6.0 	6.2 	6.7 	5.0 	6.1 	4.8 	4.9 	4.2 	3.2 	5.0 	4.4 	3.0 	3.8 	3.4 	3.0 	3.5 	3.0 	2.8 	3.9 	3.5 	3.5 	2.7 	2.4 	2.4 	2.4 	3.6 	3.7 	3.6 	2.5 	2.8 
A,RT,BE23	6.7 	5.9 	7.0 	6.2 	6.8 	6.8 	5.5 	5.3 	6.0 	4.7 	5.2 	5.1 	4.4 	3.6 	5.1 	4.9 	4.5 	6.3 	4.3 	4.6 	4.1 	3.4 	4.2 	4.0 	3.2 	4.0 	3.7 	4.3 	3.8 	3.5 	3.4 	3.4 	2.9 
A,RT,BE24	6.5 	7.2 	5.2 	6.2 	5.9 	5.1 	4.1 	4.4 	4.7 	4.1 	4.0 	5.4 	3.3 	3.7 	3.8 	2.2 	3.8 	3.9 	3.4 	3.2 	3.3 	3.6 	3.1 	3.2 	3.9 	3.8 	2.8 	3.8 	3.4 	4.2 	3.4 	2.5 	2.2 
A,RT,BE25	5.9 	6.3 	8.4 	6.8 	5.7 	6.2 	7.1 	5.9 	4.8 	5.4 	4.6 	4.6 	4.6 	5.1 	2.7 	4.1 	4.3 	4.1 	3.3 	3.3 	3.6 	3.6 	3.6 	3.6 	2.9 	5.2 	3.0 	3.2 	3.3 	3.0 	3.0 	2.8 	2.4 
A,RT,BE3	6.4 	7.5 	7.3 	7.6 	6.9 	5.6 	5.0 	5.8 	5.3 	5.1 	4.7 	4.7 	4.3 	3.6 	3.8 	4.0 	4.0 	3.6 	3.1 	3.5 	3.6 	3.3 	3.4 	3.7 	3.8 	2.9 	3.3 	3.5 	3.6 	3.7 	2.7 	2.9 	3.2 
A,RT,BE31	4.6 	6.0 	5.2 	6.5 	6.8 	2.4 	4.8 	4.0 	4.8 	4.4 	3.3 	3.5 	3.4 	3.4 	2.8 	2.0 	1.9 	2.0 	2.5 	2.5 	3.2 	4.1 	4.8 	1.5 	2.5 	1.5 	3.4 	3.9 	1.9 	3.5 	1.7 	2.1 	1.7 
A,RT,BE32	5.6 	7.1 	7.1 	7.8 	8.0 	5.2 	5.4 	5.6 	5.5 	4.5 	4.7 	4.6 	4.8 	2.8 	3.6 	3.9 	4.4 	4.9 	3.4 	3.8 	4.8 	3.7 	3.0 	4.8 	4.7 	3.5 	4.0 	3.9 	4.5 	4.4 	2.9 	3.8 	4.3 
A,RT,BE33	7.9 	7.8 	8.6 	8.1 	6.3 	5.6 	4.6 	5.8 	5.5 	5.3 	5.0 	4.6 	4.2 	4.7 	4.3 	4.7 	3.9 	2.9 	2.5 	3.0 	2.8 	3.2 	3.6 	3.0 	3.8 	3.2 	2.6 	3.4 	3.7 	3.3 	2.6 	2.4 	2.7 
A,RT,BE34	5.4 	9.1 	10.1 	9.0 	7.1 	6.6 	4.8 	7.2 	4.0 	6.6 	2.7 	5.7 	3.1 	2.9 	4.9 	4.6 	5.5 	2.5 	3.5 	5.4 	2.1 	3.0 	3.5 	4.2 	3.4 	2.2 	2.7 	2.6 	2.0 	4.1 	4.1 	1.9 	3.2 
A,RT,BE35	7.0 	8.0 	4.6 	6.2 	4.9 	8.4 	5.0 	6.8 	5.6 	5.8 	6.4 	5.6 	4.7 	3.6 	3.3 	4.0 	4.1 	3.2 	4.2 	3.9 	3.4 	2.5 	3.1 	3.7 	2.5 	2.3 	3.6 	2.9 	2.9 	2.9 	2.5 	2.8 	2.7 
A,RT,BG	14.8 	16.9 	15.9 	15.5 	16.3 	14.8 	15.6 	17.5 	14.4 	14.6 	13.3 	14.4 	13.3 	12.3 	11.6 	10.4 	9.7 	9.2 	8.6 	9.0 	9.4 	8.5 	7.8 	7.3 	7.6 	6.6 	6.5 	6.4 	5.8 	5.6 	5.1 	5.6 	4.8 
A,RT,BG3	14.9 	18.3 	16.0 	15.9 	18.2 	16.0 	17.0 	19.9 	15.6 	15.6 	15.0 	17.4 	15.0 	14.3 	14.0 	11.6 	11.2 	10.9 	9.6 	10.6 	12.1 	9.4 	9.5 	8.0 	8.4 	7.9 	7.6 	8.0 	6.6 	6.7 	6.2 	7.5 	6.5 
A,RT,BG31	12.4 	18.3 	15.5 	14.0 	17.5 	16.8 	17.8 	16.8 	18.3 	14.4 	13.7 	14.8 	13.2 	11.7 	15.6 	13.3 	11.8 	11.2 	9.1 	10.8 	9.4 	8.6 	10.3 	8.7 	8.9 	7.8 	9.3 	8.1 	7.9 	5.3 	5.9 	7.1 	7.3 
A,RT,BG32	13.7 	14.9 	14.5 	14.5 	17.5 	15.7 	16.1 	20.7 	13.1 	12.9 	13.1 	15.1 	13.3 	11.8 	10.6 	9.6 	7.5 	8.1 	8.0 	8.8 	8.5 	9.0 	8.3 	7.5 	7.0 	8.0 	6.5 	7.4 	5.4 	5.9 	6.1 	6.4 	6.0 
A,RT,BG33	15.9 	19.7 	15.4 	16.4 	16.7 	15.0 	18.0 	17.8 	14.5 	16.1 	15.7 	18.4 	14.5 	14.0 	11.1 	10.9 	11.8 	9.4 	10.3 	9.0 	12.4 	8.6 	8.6 	6.6 	6.7 	6.5 	5.3 	7.5 	6.0 	5.0 	4.7 	5.8 	4.2 
A,RT,BG34	16.9 	19.8 	18.2 	18.0 	20.6 	16.4 	16.2 	23.4 	16.1 	18.0 	16.7 	20.2 	18.0 	18.1 	17.7 	12.5 	12.7 	13.9 	10.4 	13.2 	15.8 	10.8 	10.5 	9.0 	10.3 	8.9 	9.1 	8.8 	7.0 	9.4 	7.7 	9.6 	8.2 
A,RT,BG4	14.7 	15.3 	15.8 	15.1 	14.0 	13.4 	13.8 	14.6 	13.1 	13.4 	11.4 	10.9 	11.4 	10.1 	8.9 	9.0 	8.1 	7.2 	7.5 	7.3 	6.7 	7.6 	6.0 	6.7 	6.9 	5.3 	5.5 	4.8 	5.0 	4.5 	4.1 	3.8 	3.4 
A,RT,BG41	13.7 	14.6 	14.7 	14.1 	13.8 	13.3 	13.0 	11.9 	12.4 	11.2 	8.7 	8.9 	9.8 	8.2 	7.4 	6.2 	6.2 	5.7 	6.4 	5.9 	5.2 	5.5 	4.4 	5.5 	6.0 	3.6 	4.4 	3.4 	3.6 	3.2 	2.9 	3.1 	2.4 
A,RT,BG42	15.8 	16.0 	17.1 	16.1 	14.3 	13.5 	14.8 	18.0 	13.9 	16.1 	14.7 	13.3 	13.4 	12.7 	11.0 	12.9 	10.7 	9.4 	9.2 	9.3 	8.8 	10.6 	8.4 	8.5 	8.3 	7.9 	7.2 	7.0 	7.1 	6.5 	6.0 	5.1 	4.9 
A,RT,CH	6.8 	6.2 	6.4 	5.6 	5.1 	5.0 	4.7 	4.8 	4.8 	4.6 	4.9 	4.9 	4.5 	4.3 	4.2 	4.2 	4.4 	3.9 	4.0 	4.3 	3.8 	3.8 	3.6 	3.9 	3.9 	3.9 	3.6 	3.5 	3.3 	3.3 	3.6 	3.1 	3.8 
A,RT,CH0	6.8 	6.2 	6.4 	5.6 	5.1 	5.0 	4.7 	4.8 	4.8 	4.6 	4.9 	4.9 	4.5 	4.3 	4.2 	4.2 	4.4 	3.9 	4.0 	4.3 	3.8 	3.8 	3.6 	3.9 	3.9 	3.9 	3.6 	3.5 	3.3 	3.3 	3.6 	3.1 	3.8 
A,RT,CH01	7.1 	6.6 	6.9 	5.9 	5.1 	4.8 	5.2 	4.2 	4.1 	3.9 	4.1 	4.0 	4.4 	3.3 	3.7 	3.4 	3.4 	3.0 	3.8 	4.6 	3.8 	2.8 	2.8 	3.6 	3.1 	4.2 	3.9 	3.3 	2.4 	2.6 	3.6 	2.6 	2.4 
A,RT,CH02	6.6 	5.6 	5.8 	5.3 	5.6 	5.2 	4.4 	4.9 	5.5 	5.7 	5.7 	5.3 	4.8 	4.5 	4.6 	3.7 	5.4 	3.7 	4.6 	4.3 	3.1 	4.0 	3.6 	3.7 	3.1 	3.9 	3.5 	3.8 	3.4 	3.3 	2.8 	2.9 	4.1 
A,RT,CH03	7.4 	6.4 	6.2 	5.4 	5.1 	4.6 	5.1 	4.0 	4.4 	5.2 	4.7 	5.5 	3.5 	4.4 	4.1 	3.9 	3.6 	3.7 	3.4 	4.7 	4.7 	4.9 	3.8 	5.0 	4.6 	4.3 	3.6 	3.3 	3.6 	3.9 	3.3 	3.6 	3.2 
A,RT,CH04	7.4 	6.2 	6.7 	5.5 	4.6 	6.2 	4.7 	5.3 	4.9 	4.0 	5.1 	5.8 	5.1 	5.6 	4.6 	5.6 	5.8 	5.3 	5.1 	4.7 	4.4 	4.2 	4.6 	4.5 	5.0 	3.3 	3.2 	4.1 	3.9 	3.4 	3.8 	4.2 	4.8 
A,RT,CH05	5.8 	5.6 	7.1 	5.5 	5.2 	4.7 	4.0 	5.6 	5.4 	4.4 	5.2 	4.5 	5.1 	4.5 	4.5 	4.2 	3.4 	4.5 	3.8 	3.7 	3.4 	3.6 	3.7 	3.8 	4.0 	4.4 	3.7 	3.8 	3.4 	3.3 	5.3 	3.3 	4.6 
A,RT,CH06	6.7 	7.0 	5.9 	5.6 	4.7 	4.6 	4.3 	4.6 	4.4 	4.0 	5.4 	4.8 	3.3 	4.1 	3.9 	5.1 	4.0 	3.0 	2.9 	3.1 	3.5 	3.8 	3.4 	2.8 	4.1 	3.7 	3.7 	2.7 	3.5 	3.9 	3.4 	2.2 	3.8 
A,RT,CH07	7.2 	8.6 	5.8 	5.4 	5.1 	4.2 	6.1 	5.6 	3.6 	4.4 	2.3 	3.7 	4.4 	2.2 	3.3 	3.6 	4.7 	4.6 	2.3 	4.8 	3.4 	2.4 	2.5 	1.8 	3.1 	4.1 	3.6 	2.9 	0.8 	2.4 	3.2 	1.6 	3.7 
A,RT,CY	: 	: 	: 	8.7 	8.6 	8.5 	8.5 	8.0 	7.0 	6.0 	5.6 	4.9 	4.7 	4.1 	3.5 	4.6 	3.1 	3.7 	3.5 	3.3 	3.2 	3.1 	3.5 	1.6 	2.1 	2.7 	2.6 	1.3 	2.4 	2.6 	2.1 	2.7 	3.1 
A,RT,CY0	: 	: 	: 	8.7 	8.6 	8.5 	8.5 	8.0 	7.0 	6.0 	5.6 	4.9 	4.7 	4.1 	3.5 	4.6 	3.1 	3.7 	3.5 	3.3 	3.2 	3.1 	3.5 	1.6 	2.1 	2.7 	2.6 	1.3 	2.4 	2.6 	2.1 	2.7 	3.1 
A,RT,CY00	: 	: 	: 	8.7 	8.6 	8.5 	8.5 	8.0 	7.0 	6.0 	5.6 	4.9 	4.7 	4.1 	3.5 	4.6 	3.1 	3.7 	3.5 	3.3 	3.2 	3.1 	3.5 	1.6 	2.1 	2.7 	2.6 	1.3 	2.4 	2.6 	2.1 	2.7 	3.1 
A,RT,CZ	10.8 	10.4 	9.9 	8.5 	7.9 	7.7 	6.0 	5.9 	5.2 	4.6 	4.1 	4.0 	4.1 	3.9 	3.7 	3.4 	3.3 	3.1 	2.8 	2.9 	2.7 	2.7 	2.6 	2.5 	2.4 	2.5 	2.8 	2.7 	2.6 	2.6 	2.3 	2.2 	2.3 
A,RT,CZ0	10.8 	10.4 	9.9 	8.5 	7.9 	7.7 	6.0 	5.9 	5.2 	4.6 	4.1 	4.0 	4.1 	3.9 	3.7 	3.4 	3.3 	3.1 	2.8 	2.9 	2.7 	2.7 	2.6 	2.5 	2.4 	2.5 	2.8 	2.7 	2.6 	2.6 	2.3 	2.2 	2.3 
A,RT,CZ01	: 	: 	10.0 	7.3 	6.7 	6.5 	4.3 	4.7 	4.9 	2.8 	2.3 	3.1 	3.9 	2.5 	3.1 	1.9 	2.6 	2.2 	1.5 	2.3 	2.7 	1.9 	1.6 	1.6 	1.1 	1.8 	2.0 	1.6 	2.0 	2.0 	1.8 	1.8 	1.4 
A,RT,CZ02	: 	: 	9.1 	8.7 	7.5 	5.8 	4.9 	5.7 	5.4 	5.5 	3.5 	3.2 	2.7 	3.1 	3.6 	2.8 	2.4 	2.5 	2.7 	2.9 	2.1 	2.2 	2.1 	1.6 	2.1 	2.3 	2.8 	2.0 	1.6 	2.0 	1.5 	1.5 	1.8 
A,RT,CZ03	: 	: 	10.5 	8.0 	7.7 	8.7 	6.5 	5.7 	4.7 	5.0 	4.3 	4.4 	4.0 	4.1 	3.3 	3.2 	2.6 	2.5 	2.7 	2.2 	2.9 	2.3 	2.7 	2.8 	2.1 	2.7 	2.9 	2.9 	2.4 	2.4 	2.3 	1.8 	2.5 
A,RT,CZ04	: 	: 	11.7 	9.8 	11.1 	11.0 	7.9 	8.4 	6.5 	6.3 	5.7 	6.1 	4.5 	6.9 	5.4 	6.6 	4.6 	5.4 	3.9 	4.0 	4.8 	5.0 	3.8 	2.9 	3.9 	4.2 	5.0 	4.6 	3.8 	3.8 	2.9 	3.1 	3.8 
A,RT,CZ05	: 	: 	10.0 	8.7 	8.2 	8.2 	5.8 	4.2 	4.8 	4.5 	3.9 	3.3 	4.8 	3.6 	4.2 	3.4 	3.1 	2.8 	3.1 	2.3 	2.1 	3.0 	3.0 	2.7 	2.3 	1.9 	2.5 	2.8 	2.8 	2.0 	2.8 	2.1 	2.4 
A,RT,CZ06	: 	: 	9.0 	7.5 	5.8 	5.6 	5.9 	5.3 	5.0 	4.2 	3.2 	3.3 	4.4 	3.5 	2.4 	3.1 	3.4 	3.9 	2.6 	2.5 	1.8 	2.5 	3.1 	2.0 	3.1 	1.9 	2.1 	2.1 	2.3 	2.3 	2.4 	2.3 	1.9 
A,RT,CZ07	: 	: 	9.9 	8.7 	8.0 	5.9 	5.5 	6.4 	4.8 	3.6 	4.2 	3.8 	3.4 	3.5 	4.1 	3.1 	3.9 	3.1 	2.3 	4.2 	2.8 	2.9 	2.5 	3.4 	2.9 	2.8 	2.5 	3.1 	2.8 	2.9 	1.9 	3.0 	2.4 
A,RT,CZ08	: 	: 	9.3 	9.2 	9.0 	10.0 	7.2 	6.8 	5.8 	5.3 	5.8 	4.9 	5.2 	4.2 	4.2 	3.2 	4.1 	2.7 	4.0 	3.1 	2.7 	2.5 	2.2 	3.3 	1.8 	2.7 	3.4 	3.1 	3.4 	3.9 	2.8 	2.3 	2.6 
A,RT,DE	8.8 	6.9 	6.2 	5.8 	5.6 	5.3 	5.0 	4.9 	4.7 	4.5 	4.4 	4.3 	4.2 	4.2 	4.1 	3.9 	3.8 	3.9 	3.5 	3.5 	3.4 	3.6 	3.3 	3.3 	3.2 	3.3 	3.4 	3.3 	3.2 	3.2 	3.1 	3.0 	3.2 
A,RT,DE1	: 	: 	: 	: 	: 	: 	: 	: 	: 	: 	: 	: 	3.4 	3.4 	3.4 	3.3 	3.3 	2.9 	3.1 	3.2 	3.2 	3.3 	3.3 	3.0 	3.1 	2.9 	3.4 	3.4 	2.6 	3.0 	3.0 	2.9 	2.9 
A,RT,DE11	: 	: 	: 	: 	: 	: 	: 	: 	: 	: 	: 	: 	3.3 	3.5 	3.5 	3.2 	3.5 	3.5 	3.3 	2.9 	3.6 	3.3 	3.4 	2.7 	3.0 	3.4 	3.3 	3.1 	2.7 	3.1 	3.1 	3.0 	3.1 
A,RT,DE12	: 	: 	: 	: 	: 	: 	: 	: 	: 	: 	: 	: 	3.7 	3.4 	3.4 	3.2 	3.3 	2.3 	3.0 	3.5 	2.9 	2.9 	3.5 	2.8 	3.0 	3.1 	3.4 	3.2 	2.8 	2.9 	3.1 	3.1 	2.7 
A,RT,DE13	: 	: 	: 	: 	: 	: 	: 	: 	: 	: 	: 	: 	3.0 	3.2 	3.8 	3.8 	3.4 	2.9 	3.2 	4.2 	2.9 	3.4 	2.7 	4.0 	3.6 	2.4 	4.1 	3.7 	2.4 	3.6 	3.0 	3.5 	3.0 
A,RT,DE14	: 	: 	: 	: 	: 	: 	: 	: 	: 	: 	: 	: 	3.9 	3.5 	2.8 	2.7 	2.6 	2.7 	2.8 	2.4 	3.1 	3.4 	3.5 	2.9 	2.6 	2.2 	3.1 	3.8 	2.5 	2.6 	2.7 	2.1 	2.9 
A,RT,DE2	: 	: 	: 	: 	: 	: 	: 	: 	: 	: 	: 	: 	3.9 	3.8 	3.4 	3.5 	3.3 	3.8 	3.1 	3.2 	3.0 	3.1 	2.7 	2.7 	2.8 	2.8 	3.0 	2.6 	2.6 	2.9 	2.7 	2.6 	2.8 
A,RT,DE21	: 	: 	: 	: 	: 	: 	: 	: 	: 	: 	: 	: 	3.4 	3.3 	2.9 	3.0 	3.0 	3.5 	3.1 	3.2 	2.7 	3.0 	2.3 	2.5 	2.4 	2.2 	2.6 	2.7 	2.3 	2.5 	2.6 	2.3 	2.3 
A,RT,DE22	: 	: 	: 	: 	: 	: 	: 	: 	: 	: 	: 	: 	4.1 	4.0 	3.7 	3.9 	3.5 	3.4 	3.1 	2.4 	4.8 	4.8 	3.7 	3.8 	3.9 	4.1 	3.9 	2.5 	3.4 	3.8 	2.8 	3.1 	3.0 
A,RT,DE23	: 	: 	: 	: 	: 	: 	: 	: 	: 	: 	: 	: 	5.0 	4.3 	2.9 	4.2 	3.2 	3.1 	2.1 	3.4 	3.5 	2.9 	1.9 	2.2 	2.9 	2.8 	3.2 	2.7 	2.6 	3.0 	2.4 	2.2 	2.5 
A,RT,DE24	: 	: 	: 	: 	: 	: 	: 	: 	: 	: 	: 	: 	3.3 	4.5 	3.6 	2.2 	3.9 	3.6 	2.9 	4.0 	3.9 	3.1 	3.6 	2.7 	2.7 	3.4 	3.7 	2.6 	3.5 	3.0 	3.1 	3.5 	4.2 
A,RT,DE25	: 	: 	: 	: 	: 	: 	: 	: 	: 	: 	: 	: 	4.8 	3.8 	4.6 	5.4 	3.8 	4.9 	3.4 	3.9 	2.9 	2.7 	2.1 	2.7 	2.8 	2.8 	3.1 	2.7 	3.5 	2.8 	3.4 	3.1 	3.0 
A,RT,DE26	: 	: 	: 	: 	: 	: 	: 	: 	: 	: 	: 	: 	4.3 	3.5 	4.1 	2.8 	3.8 	4.9 	3.2 	2.2 	2.8 	4.0 	3.4 	2.0 	3.1 	2.9 	3.8 	2.4 	2.1 	2.6 	2.7 	3.3 	2.8 
A,RT,DE27	: 	: 	: 	: 	: 	: 	: 	: 	: 	: 	: 	: 	3.9 	4.6 	3.1 	3.3 	3.0 	3.9 	3.5 	2.9 	2.4 	2.3 	3.0 	3.6 	2.9 	2.9 	2.6 	2.7 	1.9 	3.1 	2.3 	1.9 	2.9 
A,RT,DE3	: 	: 	: 	: 	: 	: 	: 	: 	: 	: 	: 	: 	3.3 	3.9 	3.9 	3.4 	3.6 	3.5 	3.4 	3.9 	3.0 	3.2 	2.5 	3.5 	2.8 	3.2 	3.5 	2.7 	3.6 	3.0 	2.8 	2.9 	2.8 
A,RT,DE30	: 	: 	: 	: 	: 	: 	: 	: 	: 	: 	: 	: 	3.3 	3.9 	3.9 	3.4 	3.6 	3.5 	3.4 	3.9 	3.0 	3.2 	2.5 	3.5 	2.8 	3.2 	3.5 	2.7 	3.6 	3.0 	2.8 	2.9 	2.8 
A,RT,DE4	: 	: 	: 	: 	: 	: 	: 	: 	: 	: 	: 	: 	4.3 	3.4 	4.2 	4.1 	2.9 	3.1 	2.2 	3.2 	3.4 	3.7 	2.6 	2.8 	2.9 	2.6 	3.3 	2.7 	2.2 	2.7 	2.8 	3.0 	3.7 
A,RT,DE40	: 	: 	: 	: 	: 	: 	: 	: 	: 	: 	: 	: 	4.3 	3.4 	4.2 	4.1 	2.9 	3.1 	2.2 	3.2 	3.4 	3.7 	2.6 	2.8 	2.9 	2.6 	3.3 	2.7 	2.2 	2.7 	2.8 	3.0 	3.7 
A,RT,DE5	: 	: 	: 	: 	: 	: 	: 	: 	: 	: 	: 	: 	6.0 	3.6 	4.2 	5.3 	3.8 	6.8 	5.0 	5.5 	4.8 	6.5 	4.3 	3.5 	5.6 	4.5 	4.1 	4.9 	5.3 	4.3 	5.2 	2.6 	5.1 
A,RT,DE50	: 	: 	: 	: 	: 	: 	: 	: 	: 	: 	: 	: 	6.0 	3.6 	4.2 	5.3 	3.8 	6.8 	5.0 	5.5 	4.8 	6.5 	4.3 	3.5 	5.6 	4.5 	4.1 	4.9 	5.3 	4.3 	5.2 	2.6 	5.1 
A,RT,DE6	: 	: 	: 	: 	: 	: 	: 	: 	: 	: 	: 	: 	3.5 	3.6 	3.9 	4.6 	3.5 	3.4 	2.9 	3.8 	3.9 	4.0 	3.5 	3.7 	3.3 	3.4 	2.7 	3.2 	2.7 	3.2 	3.6 	3.2 	3.3 
A,RT,DE60	: 	: 	: 	: 	: 	: 	: 	: 	: 	: 	: 	: 	3.5 	3.6 	3.9 	4.6 	3.5 	3.4 	2.9 	3.8 	3.9 	4.0 	3.5 	3.7 	3.3 	3.4 	2.7 	3.2 	2.7 	3.2 	3.6 	3.2 	3.3 
A,RT,DE7	: 	: 	: 	: 	: 	: 	: 	: 	: 	: 	: 	: 	4.3 	4.0 	4.4 	3.9 	3.8 	4.0 	4.0 	3.3 	3.2 	3.7 	3.0 	3.6 	3.3 	3.1 	2.9 	3.0 	3.1 	3.1 	2.7 	2.9 	3.4 
A,RT,DE71	: 	: 	: 	: 	: 	: 	: 	: 	: 	: 	: 	: 	4.2 	3.9 	4.7 	3.7 	3.3 	3.7 	3.6 	3.4 	3.2 	3.7 	2.9 	3.4 	3.6 	2.7 	3.0 	3.0 	2.9 	2.7 	2.5 	2.8 	3.3 
A,RT,DE72	: 	: 	: 	: 	: 	: 	: 	: 	: 	: 	: 	: 	4.9 	4.4 	3.5 	3.6 	4.6 	3.5 	4.0 	3.5 	3.7 	3.5 	3.0 	4.2 	3.2 	3.9 	3.3 	3.2 	3.8 	4.3 	3.4 	3.6 	3.6 
A,RT,DE73	: 	: 	: 	: 	: 	: 	: 	: 	: 	: 	: 	: 	4.3 	3.7 	4.1 	4.8 	4.7 	5.1 	5.5 	2.9 	3.1 	3.7 	3.6 	4.1 	2.6 	4.0 	2.3 	3.0 	3.0 	3.5 	2.8 	2.4 	3.6 
A,RT,DE8	: 	: 	: 	: 	: 	: 	: 	: 	: 	: 	: 	: 	4.3 	3.2 	4.2 	3.4 	4.0 	2.6 	3.7 	3.6 	2.5 	2.5 	3.1 	2.9 	2.3 	2.6 	3.2 	3.2 	2.8 	2.2 	3.6 	2.0 	3.2 
A,RT,DE80	: 	: 	: 	: 	: 	: 	: 	: 	: 	: 	: 	: 	4.3 	3.2 	4.2 	3.4 	4.0 	2.6 	3.7 	3.6 	2.5 	2.5 	3.1 	2.9 	2.3 	2.6 	3.2 	3.2 	2.8 	2.2 	3.6 	2.0 	3.2 
A,RT,DE9	: 	: 	: 	: 	: 	: 	: 	: 	: 	: 	: 	: 	4.7 	4.9 	4.4 	4.5 	4.7 	4.2 	4.2 	4.2 	4.2 	5.0 	3.8 	3.7 	3.5 	3.6 	3.9 	3.9 	3.8 	3.9 	3.5 	3.2 	3.5 
A,RT,DE91	: 	: 	: 	: 	: 	: 	: 	: 	: 	: 	: 	: 	4.1 	5.0 	4.2 	3.8 	4.1 	3.0 	3.8 	3.5 	4.3 	5.3 	4.5 	2.9 	3.4 	4.0 	3.4 	3.7 	4.3 	4.3 	3.6 	4.3 	3.2 
A,RT,DE92	: 	: 	: 	: 	: 	: 	: 	: 	: 	: 	: 	: 	4.2 	5.1 	4.9 	4.6 	4.2 	5.2 	3.9 	3.8 	3.9 	4.4 	3.2 	3.9 	3.0 	2.9 	3.7 	4.1 	4.1 	3.9 	3.1 	2.5 	3.7 
A,RT,DE93	: 	: 	: 	: 	: 	: 	: 	: 	: 	: 	: 	: 	4.5 	4.1 	3.5 	4.0 	4.6 	3.8 	3.8 	3.9 	4.3 	6.4 	3.9 	3.9 	4.1 	3.9 	4.2 	4.2 	3.6 	3.8 	4.5 	4.1 	3.7 
A,RT,DE94	: 	: 	: 	: 	: 	: 	: 	: 	: 	: 	: 	: 	5.4 	5.4 	4.8 	5.2 	5.6 	4.4 	4.8 	5.0 	4.3 	4.6 	4.0 	3.9 	3.6 	3.6 	4.2 	3.7 	3.5 	3.6 	3.1 	2.7 	3.4 
A,RT,DEA	: 	: 	: 	: 	: 	: 	: 	: 	: 	: 	: 	: 	4.8 	5.1 	5.0 	4.6 	4.6 	4.8 	4.3 	4.0 	4.2 	4.3 	3.8 	3.8 	3.9 	4.1 	4.1 	3.8 	3.8 	3.7 	3.4 	3.3 	3.4 
A,RT,DEA1	: 	: 	: 	: 	: 	: 	: 	: 	: 	: 	: 	: 	4.5 	5.5 	4.9 	5.0 	4.7 	5.4 	4.3 	4.2 	5.0 	4.5 	3.9 	3.9 	4.3 	4.3 	4.2 	4.4 	4.0 	3.9 	3.6 	3.2 	3.3 
A,RT,DEA2	: 	: 	: 	: 	: 	: 	: 	: 	: 	: 	: 	: 	4.9 	4.7 	4.7 	4.2 	3.8 	4.2 	3.6 	3.8 	3.8 	3.8 	3.5 	3.2 	2.8 	3.7 	3.5 	3.6 	3.7 	3.6 	3.0 	2.9 	3.1 
A,RT,DEA3	: 	: 	: 	: 	: 	: 	: 	: 	: 	: 	: 	: 	4.5 	5.3 	5.5 	4.5 	4.9 	5.2 	5.2 	4.2 	4.4 	4.0 	4.0 	4.0 	4.3 	3.8 	4.2 	3.1 	3.4 	3.8 	3.5 	4.1 	4.3 
A,RT,DEA4	: 	: 	: 	: 	: 	: 	: 	: 	: 	: 	: 	: 	5.4 	4.9 	5.6 	4.4 	4.5 	4.3 	3.7 	3.3 	3.2 	4.0 	3.7 	4.3 	3.5 	3.9 	3.5 	3.4 	3.7 	3.2 	3.1 	2.6 	3.2 
A,RT,DEA5	: 	: 	: 	: 	: 	: 	: 	: 	: 	: 	: 	: 	5.2 	4.8 	4.9 	4.8 	5.3 	4.7 	4.9 	4.0 	3.9 	5.1 	4.0 	4.1 	4.9 	4.4 	4.8 	3.9 	3.9 	3.8 	3.7 	3.9 	3.2 
A,RT,DEB	: 	: 	: 	: 	: 	: 	: 	: 	: 	: 	: 	: 	4.6 	4.9 	4.2 	3.8 	4.3 	4.6 	3.1 	4.0 	3.1 	3.4 	4.2 	3.1 	3.0 	3.5 	3.4 	3.7 	3.4 	3.0 	3.5 	3.0 	3.5 
A,RT,DEB1	: 	: 	: 	: 	: 	: 	: 	: 	: 	: 	: 	: 	5.3 	5.8 	4.4 	3.6 	4.2 	5.1 	4.0 	3.8 	3.5 	2.6 	4.0 	3.2 	2.7 	3.6 	3.3 	3.2 	3.2 	3.1 	3.4 	3.0 	3.5 
A,RT,DEB2	: 	: 	: 	: 	: 	: 	: 	: 	: 	: 	: 	: 	4.4 	2.8 	3.0 	3.3 	3.5 	4.7 	2.4 	5.6 	1.9 	4.3 	4.0 	3.6 	3.7 	3.5 	2.9 	4.4 	4.5 	2.1 	4.3 	2.8 	3.8 
A,RT,DEB3	: 	: 	: 	: 	: 	: 	: 	: 	: 	: 	: 	: 	4.1 	4.7 	4.3 	4.1 	4.6 	4.3 	2.5 	3.7 	3.1 	3.8 	4.4 	2.9 	3.0 	3.4 	3.7 	3.9 	3.3 	3.2 	3.3 	3.0 	3.4 
A,RT,DEC	: 	: 	: 	: 	: 	: 	: 	: 	: 	: 	: 	: 	4.7 	6.2 	4.2 	4.3 	4.6 	4.3 	3.4 	2.5 	2.8 	4.2 	3.9 	5.0 	3.3 	3.3 	4.4 	2.9 	3.8 	3.7 	2.6 	3.1 	: 
A,RT,DEC0	: 	: 	: 	: 	: 	: 	: 	: 	: 	: 	: 	: 	4.7 	6.2 	4.2 	4.3 	4.6 	4.3 	3.4 	2.5 	2.8 	4.2 	3.9 	5.0 	3.3 	3.3 	4.4 	2.9 	3.8 	3.7 	2.6 	3.1 	: 
A,RT,DED	: 	: 	: 	: 	: 	: 	: 	: 	: 	: 	: 	: 	3.2 	3.6 	3.4 	3.4 	2.6 	2.4 	2.6 	2.5 	2.2 	2.3 	2.4 	2.6 	2.3 	2.4 	2.2 	2.3 	2.3 	2.5 	1.9 	2.5 	2.5 
A,RT,DED2	: 	: 	: 	: 	: 	: 	: 	: 	: 	: 	: 	: 	3.5 	4.4 	3.9 	3.5 	3.2 	2.4 	2.9 	2.5 	2.2 	2.5 	2.0 	2.4 	2.6 	2.4 	2.0 	2.8 	2.2 	2.2 	1.5 	2.2 	2.7 
A,RT,DED4	: 	: 	: 	: 	: 	: 	: 	: 	: 	: 	: 	: 	: 	: 	: 	: 	: 	: 	: 	: 	: 	2.7 	2.5 	3.0 	2.3 	2.0 	1.9 	2.0 	2.9 	2.5 	2.2 	2.3 	2.5 
A,RT,DED5	: 	: 	: 	: 	: 	: 	: 	: 	: 	: 	: 	: 	: 	: 	: 	: 	: 	: 	: 	: 	: 	1.4 	2.8 	2.3 	2.1 	2.8 	2.7 	1.9 	1.8 	3.0 	2.2 	3.1 	: 
A,RT,DEE	: 	: 	: 	: 	: 	: 	: 	: 	: 	: 	: 	: 	4.9 	4.3 	4.0 	3.1 	3.4 	3.0 	3.4 	2.9 	2.8 	3.0 	3.0 	2.9 	2.5 	3.7 	2.9 	4.0 	2.8 	2.2 	4.0 	3.4 	3.4 
A,RT,DEE0	: 	: 	: 	: 	: 	: 	: 	: 	: 	: 	: 	: 	4.9 	4.3 	4.0 	3.1 	3.4 	3.0 	3.4 	2.9 	2.8 	3.0 	3.0 	2.9 	2.5 	3.7 	2.9 	4.0 	2.8 	2.2 	4.0 	3.4 	3.4 
A,RT,DEF	: 	: 	: 	: 	: 	: 	: 	: 	: 	: 	: 	: 	4.3 	4.0 	4.1 	4.2 	3.2 	4.1 	3.2 	2.8 	3.8 	3.2 	3.4 	3.3 	3.1 	3.0 	3.3 	3.0 	4.0 	3.1 	3.2 	3.0 	2.8 
A,RT,DEF0	: 	: 	: 	: 	: 	: 	: 	: 	: 	: 	: 	: 	4.3 	4.0 	4.1 	4.2 	3.2 	4.1 	3.2 	2.8 	3.8 	3.2 	3.4 	3.3 	3.1 	3.0 	3.3 	3.0 	4.0 	3.1 	3.2 	3.0 	2.8 
A,RT,DEG	: 	: 	: 	: 	: 	: 	: 	: 	: 	: 	: 	: 	4.1 	4.2 	4.6 	4.1 	4.3 	3.3 	3.2 	3.1 	2.5 	2.3 	3.2 	2.6 	2.3 	2.8 	2.9 	2.6 	3.0 	2.8 	2.5 	3.1 	3.8 
A,RT,DEG0	: 	: 	: 	: 	: 	: 	: 	: 	: 	: 	: 	: 	4.1 	4.2 	4.6 	4.1 	4.3 	3.3 	3.2 	3.1 	2.5 	2.3 	3.2 	2.6 	2.3 	2.8 	2.9 	2.6 	3.0 	2.8 	2.5 	3.1 	3.8 
A,RT,DK	7.5 	7.3 	6.6 	5.4 	5.5 	5.1 	5.6 	5.2 	4.7 	2.6 	5.3 	4.9 	4.4 	4.4 	3.9 	4.4 	3.8 	4.0 	4.0 	3.1 	3.4 	3.5 	3.4 	3.5 	4.0 	3.7 	3.1 	3.8 	3.7 	3.0 	3.2 	3.1 	3.3 
A,RT,DK0	7.5 	7.3 	6.6 	5.4 	5.5 	5.1 	5.6 	5.2 	4.7 	4.2 	5.3 	4.9 	4.4 	4.4 	3.9 	4.4 	3.8 	4.0 	4.0 	3.1 	3.4 	3.5 	3.4 	3.5 	4.0 	3.7 	3.1 	3.8 	3.7 	3.0 	3.2 	3.1 	3.3 
A,RT,DK01	: 	: 	: 	: 	: 	: 	: 	: 	: 	: 	: 	: 	: 	: 	: 	: 	3.4 	3.3 	4.0 	2.9 	4.1 	3.7 	3.4 	3.6 	3.9 	3.9 	3.4 	3.3 	3.4 	3.1 	2.8 	2.9 	3.1 
A,RT,DK02	: 	: 	: 	: 	: 	: 	: 	: 	: 	: 	: 	: 	: 	: 	: 	: 	5.2 	4.9 	3.1 	2.9 	2.9 	5.3 	3.8 	3.4 	5.2 	4.2 	3.8 	4.9 	3.9 	3.0 	4.9 	3.5 	4.2 
A,RT,DK03	: 	: 	: 	: 	: 	: 	: 	: 	: 	: 	: 	: 	: 	: 	: 	: 	4.4 	3.9 	4.8 	2.9 	3.9 	3.4 	4.4 	3.7 	4.2 	3.5 	2.0 	3.9 	4.3 	3.4 	3.2 	3.3 	3.0 
A,RT,DK04	: 	: 	: 	: 	: 	: 	: 	: 	: 	: 	: 	: 	: 	: 	: 	: 	3.5 	4.3 	3.4 	3.3 	2.9 	2.9 	2.8 	2.9 	3.8 	3.9 	3.3 	3.5 	3.9 	2.9 	3.3 	2.7 	3.6 
A,RT,DK05	: 	: 	: 	: 	: 	: 	: 	: 	: 	: 	: 	: 	: 	: 	: 	: 	3.0 	4.6 	5.1 	3.4 	1.8 	2.8 	2.5 	4.0 	3.0 	2.2 	3.1 	4.5 	2.7 	1.9 	2.1 	4.2 	2.7 
A,RT,EE	12.3 	13.3 	15.7 	15.6 	14.4 	14.9 	10.5 	10.0 	9.4 	9.6 	8.4 	8.8 	5.7 	7.0 	6.4 	5.4 	4.4 	5.0 	5.0 	3.6 	3.3 	2.5 	3.6 	2.1 	2.7 	2.5 	2.3 	2.3 	1.6 	1.6 	1.4 	2.2 	2.2 
A,RT,EE0	12.3 	13.3 	15.7 	15.6 	14.4 	14.9 	10.5 	10.0 	9.4 	9.6 	8.4 	8.8 	5.7 	7.0 	6.4 	5.4 	4.4 	5.0 	5.0 	3.6 	3.3 	2.5 	3.6 	2.1 	2.7 	2.5 	2.3 	2.3 	1.6 	1.6 	1.4 	2.2 	2.2 
A,RT,EE00	12.3 	13.3 	15.7 	15.6 	14.4 	14.9 	10.5 	10.0 	9.4 	9.6 	8.4 	8.8 	5.7 	7.0 	6.4 	5.4 	4.4 	5.0 	5.0 	3.6 	3.3 	2.5 	3.6 	2.1 	2.7 	2.5 	2.3 	2.3 	1.6 	1.6 	1.4 	2.2 	2.2 
A,RT,EFTA	6.8 	6.2 	6.1 	5.3 	5.1 	4.7 	4.4 	4.6 	4.4 	4.3 	4.4 	4.5 	4.0 	3.8 	3.8 	3.7 	3.8 	3.5 	3.4 	3.7 	3.3 	3.1 	3.1 	3.2 	3.2 	3.2 	3.0 	3.0 	2.9 	: 	: 	: 	: 
A,RT,EL	9.7 	9.0 	8.4 	8.5 	7.9 	8.1 	7.2 	6.4 	6.7 	6.2 	5.4 	5.1 	5.1 	4.0 	4.1 	3.8 	3.7 	3.5 	2.7 	3.1 	3.8 	3.4 	2.9 	3.7 	3.7 	4.0 	4.2 	3.5 	3.5 	3.7 	3.2 	3.5 	3.0 
A,RT,EL3	11.0 	10.2 	9.6 	8.3 	8.7 	8.3 	6.8 	6.5 	6.9 	7.2 	4.9 	5.5 	5.0 	3.7 	4.5 	3.9 	3.8 	3.6 	2.4 	3.4 	4.4 	3.3 	2.7 	3.6 	3.8 	3.8 	3.4 	3.7 	3.3 	3.9 	3.5 	3.4 	2.5 
A,RT,EL30	11.0 	10.2 	9.6 	8.3 	8.7 	8.3 	6.8 	6.5 	6.9 	7.2 	4.9 	5.5 	5.0 	3.7 	4.5 	3.9 	3.8 	3.6 	2.4 	3.4 	4.4 	3.3 	2.7 	3.6 	3.8 	3.8 	3.4 	3.7 	3.3 	3.9 	3.5 	3.4 	2.5 
A,RT,EL4	7.5 	7.0 	6.4 	8.2 	6.5 	7.2 	6.5 	5.7 	4.9 	4.2 	4.8 	4.8 	4.5 	3.5 	3.1 	2.5 	2.9 	3.0 	1.5 	2.0 	3.0 	2.3 	2.2 	3.3 	3.2 	3.6 	3.7 	3.4 	3.1 	3.3 	3.3 	2.1 	2.4 
A,RT,EL41	8.1 	9.5 	4.3 	7.5 	7.0 	5.8 	4.9 	4.5 	5.8 	4.6 	8.9 	5.3 	3.5 	5.9 	5.3 	2.9 	5.7 	3.2 	2.0 	3.1 	4.1 	3.4 	5.1 	4.9 	4.2 	4.3 	4.0 	2.8 	3.2 	2.6 	4.8 	1.2 	4.4 
A,RT,EL42	7.3 	3.8 	6.0 	4.7 	5.1 	4.8 	3.8 	5.0 	4.2 	2.9 	2.3 	4.3 	4.9 	2.7 	3.6 	2.7 	1.2 	2.3 	1.4 	1.6 	3.9 	2.5 	1.2 	2.6 	2.8 	4.2 	3.5 	2.4 	4.2 	5.0 	4.1 	2.6 	2.2 
A,RT,EL43	7.5 	7.9 	7.3 	10.1 	7.1 	8.9 	8.4 	6.4 	5.0 	4.8 	4.9 	4.9 	4.5 	3.3 	2.3 	2.3 	3.0 	3.2 	1.5 	1.9 	2.3 	1.9 	1.9 	3.2 	3.1 	3.1 	3.8 	4.0 	2.6 	2.6 	2.3 	2.1 	2.1 
A,RT,EL5	: 	9.5 	8.7 	9.4 	8.7 	8.0 	7.9 	6.0 	6.8 	5.8 	5.7 	4.4 	5.0 	4.6 	3.7 	4.0 	3.9 	4.2 	3.7 	3.3 	3.9 	4.3 	3.6 	4.7 	4.3 	4.2 	5.3 	3.4 	3.7 	4.0 	3.4 	4.3 	4.1 
A,RT,EL51	: 	8.9 	8.8 	10.2 	10.1 	11.2 	8.9 	8.4 	9.6 	7.7 	7.0 	6.0 	7.6 	4.4 	6.1 	4.5 	5.0 	5.9 	4.7 	5.0 	5.1 	4.5 	3.9 	8.0 	4.1 	4.4 	5.8 	5.4 	3.7 	5.9 	5.4 	7.1 	7.5 
A,RT,EL52	: 	10.3 	8.7 	8.9 	8.4 	7.2 	7.8 	5.5 	6.4 	5.9 	5.6 	4.5 	4.5 	4.8 	3.2 	4.0 	4.1 	4.5 	3.9 	3.0 	3.9 	4.2 	3.5 	3.9 	4.6 	4.4 	4.9 	3.1 	3.3 	4.1 	3.1 	3.7 	3.6 
A,RT,EL53	: 	8.3 	5.7 	8.6 	8.7 	6.5 	7.2 	4.6 	4.8 	3.9 	5.6 	3.4 	4.5 	4.9 	3.9 	3.1 	3.8 	0.8 	1.1 	3.7 	2.6 	4.7 	3.4 	4.2 	3.3 	4.8 	10.0 	3.0 	5.5 	2.3 	2.2 	2.4 	2.1 
A,RT,EL54	: 	7.2 	11.3 	12.6 	7.8 	7.6 	6.5 	5.9 	5.6 	3.8 	3.5 	1.2 	3.5 	3.2 	2.2 	3.5 	0.3 	2.4 	2.2 	1.9 	3.1 	4.4 	2.9 	3.4 	4.0 	2.0 	3.2 	2.1 	4.5 	1.4 	2.3 	4.0 	2.0 
A,RT,EL6	: 	7.7 	7.1 	7.9 	6.6 	8.5 	7.5 	7.2 	7.1 	5.7 	6.2 	5.5 	5.8 	4.1 	4.2 	4.1 	3.7 	2.9 	2.4 	3.1 	3.1 	2.8 	2.9 	2.8 	3.3 	4.1 	4.3 	3.1 	3.7 	3.4 	2.6 	3.5 	3.2 
A,RT,EL61	: 	5.0 	6.4 	6.9 	4.6 	8.7 	8.8 	8.0 	6.8 	5.6 	5.8 	4.7 	3.8 	3.8 	3.4 	2.7 	2.1 	1.7 	1.5 	2.1 	2.3 	3.0 	1.2 	1.7 	3.3 	3.8 	3.5 	2.7 	2.3 	2.0 	2.9 	2.9 	2.1 
A,RT,EL62	: 	9.5 	7.2 	4.8 	5.0 	6.8 	3.8 	5.4 	5.2 	2.9 	3.8 	3.8 	5.6 	3.7 	2.5 	4.5 	3.4 	2.0 	2.1 	1.4 	2.4 	4.6 	2.2 	2.7 	1.6 	4.5 	3.3 	5.2 	3.9 	5.2 	3.5 	5.0 	4.9 
A,RT,EL63	: 	11.2 	8.9 	10.5 	9.5 	12.9 	9.6 	10.0 	10.0 	8.5 	7.1 	7.9 	8.0 	5.9 	7.0 	5.6 	6.4 	3.9 	3.3 	3.6 	3.2 	2.5 	3.9 	4.2 	3.5 	5.3 	4.9 	3.3 	5.2 	3.2 	2.4 	3.4 	2.1 
A,RT,EL64	: 	6.9 	5.9 	7.5 	7.0 	4.8 	6.3 	4.6 	5.5 	3.6 	6.4 	5.4 	7.1 	2.3 	2.9 	3.3 	2.6 	1.8 	2.2 	3.3 	2.3 	2.5 	1.1 	1.4 	4.2 	3.8 	6.1 	2.8 	3.7 	5.6 	2.4 	2.7 	4.0 
A,RT,EL65	: 	6.6 	6.7 	6.9 	5.5 	6.4 	5.2 	5.4 	5.7 	5.2 	6.2 	4.1 	4.2 	3.8 	3.8 	4.7 	3.5 	4.7 	2.5 	4.2 	5.0 	2.8 	5.6 	4.1 	3.2 	3.2 	3.2 	2.8 	3.6 	3.1 	2.5 	4.2 	4.4 
A,RT,ES	7.6 	7.2 	7.0 	6.7 	6.0 	5.5 	5.5 	5.0 	4.8 	4.4 	4.3 	4.0 	4.1 	3.9 	3.9 	3.7 	3.5 	3.4 	3.3 	3.2 	3.2 	3.1 	3.1 	2.7 	2.8 	2.7 	2.7 	2.7 	2.7 	2.6 	2.6 	2.5 	2.6 
A,RT,ES1	8.2 	8.3 	7.7 	7.9 	7.1 	5.6 	6.5 	5.3 	4.8 	2.7 	3.7 	3.8 	4.1 	4.1 	3.4 	3.7 	3.4 	3.9 	3.3 	2.7 	2.7 	3.1 	2.8 	2.2 	2.0 	2.7 	2.8 	2.3 	2.4 	1.9 	2.8 	2.7 	2.2 
A,RT,ES11	8.4 	8.3 	8.9 	8.1 	7.5 	5.5 	6.9 	5.5 	5.2 	2.5 	4.2 	3.6 	4.1 	3.9 	3.2 	3.2 	3.4 	3.3 	3.1 	2.7 	2.2 	2.5 	2.6 	2.1 	2.0 	2.8 	3.1 	2.2 	2.4 	1.8 	2.7 	2.3 	1.9 
A,RT,ES12	8.2 	9.1 	4.9 	7.6 	6.8 	7.0 	6.3 	5.7 	4.6 	3.8 	3.4 	5.4 	4.3 	5.5 	4.2 	5.3 	3.9 	5.9 	3.9 	3.3 	3.2 	5.5 	3.7 	1.6 	2.1 	1.9 	2.5 	2.7 	2.4 	2.5 	2.9 	2.3 	3.0 
A,RT,ES13	6.8 	6.9 	6.3 	7.5 	5.5 	4.0 	4.9 	3.6 	3.1 	2.0 	2.1 	1.9 	3.5 	3.1 	3.6 	3.2 	2.3 	3.5 	3.2 	2.1 	3.6 	1.9 	2.4 	3.3 	2.2 	3.4 	1.9 	2.2 	2.6 	1.1 	3.2 	4.9 	2.5 
A,RT,ES2	7.8 	7.4 	7.2 	6.0 	5.8 	6.0 	5.7 	4.9 	5.3 	4.8 	4.1 	3.9 	3.8 	3.5 	3.9 	3.7 	3.4 	3.8 	2.9 	3.2 	2.5 	3.2 	2.4 	2.2 	2.4 	2.7 	2.5 	2.3 	2.6 	2.5 	2.4 	2.5 	2.8 
A,RT,ES21	8.3 	7.1 	6.7 	6.2 	5.8 	5.7 	6.1 	5.1 	6.1 	4.8 	3.1 	3.4 	3.4 	3.2 	3.7 	2.9 	3.3 	4.3 	2.9 	3.1 	2.6 	2.7 	2.6 	2.3 	2.2 	2.7 	2.5 	2.3 	3.3 	2.8 	2.6 	2.5 	3.0 
A,RT,ES22	8.1 	8.8 	8.1 	6.8 	8.2 	6.7 	5.4 	3.8 	5.5 	2.0 	4.0 	3.0 	2.6 	2.1 	4.4 	2.4 	2.7 	2.3 	2.3 	2.3 	1.8 	1.6 	1.8 	2.5 	2.7 	2.8 	2.4 	2.1 	1.9 	2.0 	2.0 	2.9 	2.5 
A,RT,ES23	10.8 	9.9 	11.5 	6.5 	7.8 	7.3 	4.3 	5.1 	5.9 	6.2 	3.8 	5.4 	5.4 	4.5 	3.7 	6.9 	5.5 	3.4 	5.4 	5.4 	1.8 	4.7 	2.8 	3.1 	2.1 	1.8 	1.1 	2.7 	3.0 	2.9 	2.6 	5.0 	4.1 
A,RT,ES24	6.0 	6.8 	6.6 	5.2 	4.3 	5.9 	5.6 	4.9 	3.7 	5.9 	5.9 	5.0 	4.9 	4.5 	4.1 	4.8 	3.4 	3.8 	2.4 	3.4 	2.8 	4.5 	2.3 	1.8 	2.5 	2.7 	3.0 	2.4 	1.9 	2.1 	2.2 	1.9 	2.2 
A,RT,ES3	6.9 	6.4 	6.8 	6.5 	6.3 	5.0 	4.2 	4.8 	4.2 	3.7 	4.1 	3.8 	3.6 	4.0 	4.0 	3.6 	3.1 	2.8 	2.7 	2.9 	3.4 	2.8 	3.6 	2.9 	3.1 	2.5 	2.5 	2.5 	2.7 	2.2 	2.4 	2.5 	2.5 
A,RT,ES30	6.9 	6.4 	6.8 	6.5 	6.3 	5.0 	4.2 	4.8 	4.2 	3.7 	4.1 	3.8 	3.6 	4.0 	4.0 	3.6 	3.1 	2.8 	2.7 	2.9 	3.4 	2.8 	3.6 	2.9 	3.1 	2.5 	2.5 	2.5 	2.7 	2.2 	2.4 	2.5 	2.5 
A,RT,ES4	7.1 	5.9 	6.6 	6.2 	6.1 	4.9 	6.1 	5.0 	4.4 	4.0 	4.2 	3.5 	3.9 	3.4 	3.5 	3.6 	3.7 	3.3 	3.2 	2.6 	3.1 	3.2 	2.6 	2.6 	2.4 	2.6 	2.3 	2.9 	2.6 	2.9 	2.5 	2.4 	2.8 
A,RT,ES41	7.6 	6.0 	6.5 	7.1 	6.1 	5.2 	5.7 	5.4 	5.2 	4.0 	4.0 	2.6 	4.9 	3.9 	3.5 	3.8 	3.8 	3.2 	3.0 	2.4 	2.9 	3.7 	2.7 	3.1 	2.5 	2.2 	2.4 	3.2 	2.3 	2.8 	3.0 	2.3 	3.0 
A,RT,ES42	6.9 	6.1 	6.4 	5.5 	5.4 	4.7 	5.8 	4.3 	3.6 	3.6 	4.0 	4.0 	3.3 	2.9 	3.4 	3.2 	3.3 	3.4 	3.3 	2.4 	3.0 	2.5 	2.6 	2.4 	2.1 	2.5 	2.1 	2.7 	2.3 	3.2 	2.6 	3.0 	2.3 
A,RT,ES43	6.5 	5.5 	7.0 	5.9 	7.4 	4.7 	7.1 	5.2 	4.3 	4.6 	4.9 	4.4 	3.3 	3.5 	3.6 	4.2 	4.2 	3.3 	3.6 	3.5 	3.7 	3.6 	2.2 	2.0 	2.7 	3.5 	2.6 	2.9 	3.8 	2.4 	1.5 	1.5 	3.1 
A,RT,ES5	6.7 	6.5 	6.6 	5.7 	5.1 	5.1 	4.5 	4.5 	4.1 	4.2 	3.6 	3.6 	3.6 	3.2 	3.2 	3.1 	3.0 	3.0 	3.4 	3.1 	3.0 	2.8 	2.9 	2.5 	2.7 	2.4 	2.8 	2.5 	2.4 	2.5 	2.5 	2.2 	2.4 
A,RT,ES51	7.1 	6.4 	6.4 	5.3 	5.0 	4.6 	4.1 	4.6 	3.8 	4.4 	3.5 	3.3 	3.4 	3.0 	3.2 	2.8 	2.8 	2.6 	3.2 	3.0 	2.7 	2.7 	3.0 	2.5 	2.7 	2.4 	2.5 	2.4 	2.4 	2.6 	2.5 	2.1 	2.5 
A,RT,ES52	6.1 	6.8 	7.2 	6.3 	5.4 	5.8 	4.7 	4.6 	4.5 	3.9 	3.5 	3.7 	3.8 	3.6 	3.0 	3.4 	3.2 	3.5 	3.6 	3.3 	3.5 	2.8 	2.7 	2.4 	2.8 	2.4 	3.2 	2.6 	2.4 	2.1 	2.5 	2.3 	2.4 
A,RT,ES53	7.3 	6.1 	5.5 	5.3 	4.4 	4.5 	5.8 	2.6 	4.6 	4.3 	4.7 	5.4 	3.9 	3.6 	4.4 	3.7 	3.2 	2.7 	3.9 	3.7 	3.4 	3.6 	3.0 	2.8 	2.5 	2.7 	3.3 	3.0 	2.0 	3.2 	2.2 	2.3 	1.9 
A,RT,ES6	8.7 	8.4 	7.8 	7.7 	6.7 	6.2 	6.5 	5.5 	5.9 	5.6 	5.3 	4.8 	5.2 	4.7 	4.8 	4.5 	4.3 	4.1 	3.8 	3.9 	3.7 	3.7 	3.6 	3.3 	3.4 	3.1 	2.8 	3.2 	3.0 	3.3 	2.9 	3.0 	2.8 
A,RT,ES61	8.9 	8.4 	7.7 	8.0 	6.6 	6.4 	6.2 	5.4 	5.8 	5.2 	5.0 	4.6 	4.9 	4.4 	4.8 	4.4 	4.2 	4.1 	3.8 	3.9 	3.8 	3.8 	3.3 	3.1 	3.4 	2.9 	2.7 	3.1 	3.0 	3.1 	2.9 	3.0 	2.6 
A,RT,ES62	6.8 	9.1 	9.2 	5.9 	7.3 	4.9 	7.8 	6.2 	5.9 	7.3 	6.8 	5.5 	6.2 	6.0 	5.4 	5.0 	4.1 	3.9 	3.4 	3.6 	3.2 	3.3 	4.8 	3.5 	2.9 	2.8 	3.0 	2.9 	2.4 	4.2 	2.8 	2.8 	3.3 
A,RT,ES63	13.1 	8.5 	6.5 	11.5 	8.9 	8.5 	9.3 	4.9 	8.2 	10.8 	10.0 	3.1 	10.8 	5.9 	5.7 	8.5 	12.5 	8.8 	4.3 	6.1 	8.4 	5.1 	5.3 	11.0 	5.0 	8.2 	1.9 	7.7 	3.1 	4.8 	3.6 	4.2 	1.4 
A,RT,ES64	10.8 	4.0 	5.2 	5.3 	6.7 	8.4 	5.9 	6.8 	9.5 	8.7 	5.4 	7.9 	9.5 	10.8 	2.0 	5.9 	5.3 	2.7 	4.8 	6.3 	0.0 	1.4 	4.0 	4.6 	5.5 	11.3 	6.2 	8.9 	6.7 	6.5 	3.1 	4.3 	5.6 
A,RT,ES7	7.8 	6.7 	5.6 	6.8 	5.3 	5.0 	6.5 	6.0 	5.0 	4.9 	6.4 	5.2 	4.2 	4.9 	6.1 	4.5 	4.1 	4.0 	3.9 	3.0 	3.0 	3.7 	2.4 	2.5 	2.7 	2.7 	2.7 	3.0 	4.1 	2.7 	2.6 	2.8 	3.1 
A,RT,ES70	7.8 	6.7 	5.6 	6.8 	5.3 	5.0 	6.5 	6.0 	5.0 	4.9 	6.4 	5.2 	4.2 	4.9 	6.1 	4.5 	4.1 	4.0 	3.9 	3.0 	3.0 	3.7 	2.4 	2.5 	2.7 	2.7 	2.7 	3.0 	4.1 	2.7 	2.6 	2.8 	3.1 
A,RT,EU27_2007	10.3 	9.8 	9.3 	8.7 	8.2 	7.5 	7.2 	6.8 	6.5 b	6.1 	5.9 	5.7 	5.4 	5.2 	5.1 	4.8 	4.6 	4.4 	4.2 	4.2 	4.0 	3.9 	3.8 	3.7 	3.6 	3.6 	3.6 	3.6 	3.5 	: 	: 	: 	: 
A,RT,EU27_2020	10.7 	10.2 	9.7 	9.1 	8.6 	7.7 	7.4 	6.9 	6.6 b	6.2 	6.0 	5.8 	5.5 	5.2 	5.1 	4.8 	4.6 	4.4 	4.2 	4.2 	4.0 	3.8 	3.8 	3.7 	3.6 	3.6 	3.6 	3.5 	3.4 	3.4 	3.3 	: 	3.3 
A,RT,EU28	10.3 	9.8 	9.3 	8.7 	8.3 	7.5 	7.2 	6.8 	6.5 b	6.1 	5.9 	5.8 	5.4 	5.3 	5.1 	4.8 	4.6 	4.4 	4.2 	4.2 	4.0 	3.9 	3.8 	3.7 	3.7 	3.6 	3.6 	3.6 	3.5 	: 	: 	: 	: 
A,RT,FI	5.6 	5.8 	5.2 	4.4 	4.7 	3.9 	4.0 	3.9 	4.2 	3.6 	3.8 	3.2 	3.0 	3.1 	3.3 	3.0 	2.8 	2.7 	2.6 	2.6 	2.3 	2.4 	2.4 	1.8 	2.2 	1.7 	1.9 	2.0 	2.1 	2.1 	1.8 	1.8 	2.0 
A,RT,FI1	5.7 	5.8 	5.2 	4.4 	4.7 	3.9 	4.0 	3.9 	4.2 	3.6 	3.8 	3.2 	3.0 	3.1 	3.3 	3.0 	2.9 	2.8 	2.6 	2.6 	2.3 	2.4 	2.4 	1.8 	2.2 	1.8 	1.9 	2.0 	2.1 	2.1 	1.8 	1.8 	2.1 
A,RT,FI19	6.2 	5.6 	4.9 	5.2 	4.9 	3.1 	4.7 	5.2 	3.9 	3.8 	3.6 	3.0 	3.2 	3.6 	4.0 	3.8 	3.7 	3.0 	3.1 	2.6 	2.1 	2.4 	2.6 	2.2 	2.0 	2.3 	2.1 	2.6 	2.5 	1.9 	1.8 	1.8 	1.9 
A,RT,FI1B	5.8 	6.4 	4.8 	4.8 	3.9 	3.8 	3.1 	3.1 	4.5 	3.9 	4.6 	2.9 	3.4 	2.6 	2.9 	2.4 	2.5 	2.2 	2.3 	2.2 	2.1 	2.6 	2.1 	1.8 	2.0 	1.4 	1.9 	2.0 	1.8 	2.0 	1.8 	1.4 	1.6 
A,RT,FI1C	5.9 	5.5 	5.5 	3.6 	4.4 	4.1 	3.5 	3.5 	3.7 	3.6 	3.4 	3.7 	3.2 	3.1 	3.5 	3.6 	3.2 	2.7 	2.7 	3.0 	2.9 	1.8 	2.8 	1.3 	2.7 	2.2 	2.1 	1.8 	1.8 	1.9 	1.8 	2.9 	2.2 
A,RT,FI1D	4.8 	5.7 	5.6 	3.9 	5.8 	4.6 	4.7 	3.9 	4.5 	3.2 	3.2 	3.6 	2.3 	3.2 	2.9 	2.6 	2.1 	3.1 	2.5 	2.9 	2.2 	2.7 	2.2 	1.7 	2.3 	1.3 	1.5 	1.6 	2.5 	2.5 	1.8 	1.4 	2.8 
A,RT,FI2	0.0 	6.2 	0.0 	3.0 	0.0 	8.9 	3.4 	7.0 	0.0 	3.5 	3.9 	3.5 	3.7 	7.6 	3.6 	0.0 	0.0 	0.0 	3.4 	0.0 	3.5 	0.0 	0.0 	0.0 	0.0 	0.0 	3.4 	0.0 	0.0 	3.7 	0.0 	0.0 	0.0 
A,RT,FI20	0.0 	6.2 	0.0 	3.0 	0.0 	8.9 	3.4 	7.0 	0.0 	3.5 	3.9 	3.5 	3.7 	7.6 	3.6 	0.0 	0.0 	0.0 	3.4 	0.0 	3.5 	0.0 	0.0 	0.0 	0.0 	0.0 	3.4 	0.0 	0.0 	3.7 	0.0 	0.0 	0.0 
A,RT,FR	7.3 	7.2 	6.8 	6.4 	5.8 	4.8 	4.7 	4.7 	4.7 	4.4 	4.5 	4.6 	4.2 	4.1 	4.0 	3.7 	3.8 	3.7 	3.8 	3.8 	3.6 	3.4 	3.5 	3.6 	3.5 	3.7 	3.7 	3.9 	3.8 	3.8 	3.6 	3.7 	4.0 
A,RT,FR1	7.3 	7.6 	7.1 	6.7 	6.1 	4.7 	4.8 	5.2 	4.9 	4.7 	4.7 	4.8 	4.1 	4.3 	4.2 	4.0 	3.9 	3.8 	4.0 	3.6 	3.8 	3.8 	3.5 	4.0 	3.5 	3.9 	4.0 	4.1 	4.1 	4.0 	3.9 	4.1 	4.3 
A,RT,FR10	7.3 	7.6 	7.1 	6.7 	6.1 	4.7 	4.8 	5.2 	4.9 	4.7 	4.7 	4.8 	4.1 	4.3 	4.2 	4.0 	3.9 	3.8 	4.0 	3.6 	3.8 	3.8 	3.5 	4.0 	3.5 	3.9 	4.0 	4.1 	4.1 	4.0 	3.9 	4.1 	4.3 
A,RT,FRB	7.8 	6.7 	6.4 	6.1 	5.7 	5.4 	4.2 	4.6 	4.4 	3.9 	4.8 	4.3 	4.0 	4.0 	2.8 	3.2 	3.4 	2.8 	2.9 	3.2 	3.3 	2.7 	3.5 	3.7 	3.5 	3.6 	3.7 	3.2 	3.4 	4.3 	3.6 	3.4 	4.3 
A,RT,FRB0	7.8 	6.7 	6.4 	6.1 	5.7 	5.4 	4.2 	4.6 	4.4 	3.9 	4.8 	4.3 	4.0 	4.0 	2.8 	3.2 	3.4 	2.8 	2.9 	3.2 	3.3 	2.7 	3.5 	3.7 	3.5 	3.6 	3.7 	3.2 	3.4 	4.3 	3.6 	3.4 	4.3 
A,RT,FRC	7.0 	7.2 	6.6 	6.8 	6.1 	5.7 	4.7 	4.9 	4.4 	4.6 	4.2 	4.8 	3.9 	3.8 	3.4 	3.6 	3.3 	3.2 	3.7 	3.5 	3.6 	3.9 	3.3 	4.1 	3.6 	3.9 	3.8 	4.0 	4.2 	3.8 	3.1 	3.0 	3.8 
A,RT,FRC1	7.0 	7.1 	6.8 	6.9 	5.1 	5.9 	4.5 	4.6 	4.8 	5.2 	3.8 	4.3 	3.9 	3.7 	3.7 	3.5 	3.0 	3.3 	3.2 	3.0 	3.3 	3.7 	3.0 	3.4 	3.8 	3.6 	3.2 	4.0 	3.5 	3.0 	2.7 	2.6 	3.7 
A,RT,FRC2	7.1 	7.3 	6.3 	6.6 	7.4 	5.4 	5.1 	5.3 	3.9 	3.7 	4.7 	5.4 	4.0 	4.0 	3.0 	3.8 	3.6 	3.0 	4.3 	4.1 	3.9 	4.1 	3.7 	4.9 	3.3 	4.4 	4.5 	4.2 	5.1 	4.8 	3.6 	3.5 	3.9 
A,RT,FRD	7.3 	7.2 	7.1 	6.9 	5.2 	4.4 	4.8 	4.4 	5.5 	4.2 	3.5 	3.7 	4.7 	4.4 	4.2 	3.9 	3.8 	3.4 	3.7 	3.7 	3.7 	2.8 	3.5 	2.9 	3.4 	3.3 	3.5 	3.5 	3.3 	3.6 	3.5 	3.2 	4.1 
A,RT,FRD1	7.1 	6.6 	5.8 	5.8 	4.9 	4.1 	4.0 	4.3 	4.2 	3.9 	3.3 	3.9 	4.8 	4.2 	3.7 	3.5 	3.2 	3.3 	3.2 	3.8 	3.6 	2.0 	3.1 	2.3 	3.1 	2.2 	2.8 	2.5 	3.5 	3.0 	3.4 	3.0 	3.8 
A,RT,FRD2	7.5 	7.6 	8.1 	7.8 	5.4 	4.6 	5.4 	4.5 	6.4 	4.5 	3.6 	3.5 	4.7 	4.5 	4.5 	4.1 	4.2 	3.4 	4.1 	3.6 	3.9 	3.3 	3.9 	3.3 	3.6 	4.0 	4.0 	4.1 	3.2 	4.1 	3.6 	3.3 	4.2 
A,RT,FRE	8.3 	7.9 	7.3 	7.2 	7.0 	5.8 	5.7 	5.4 	4.8 	4.8 	5.0 	5.0 	4.6 	4.4 	3.8 	3.6 	3.8 	3.7 	3.9 	3.4 	3.1 	3.5 	3.4 	3.6 	3.4 	3.3 	3.3 	3.7 	4.1 	3.4 	3.3 	3.1 	3.2 
A,RT,FRE1	8.1 	7.6 	7.1 	7.0 	7.0 	6.0 	5.7 	5.1 	4.9 	4.5 	5.0 	4.9 	4.6 	4.8 	4.0 	3.7 	3.8 	3.4 	3.8 	3.2 	3.0 	3.5 	3.3 	3.6 	3.2 	3.1 	3.4 	3.5 	3.9 	3.6 	3.0 	2.8 	2.8 
A,RT,FRE2	8.7 	8.4 	7.7 	7.6 	7.1 	5.4 	5.7 	6.0 	4.7 	5.6 	4.9 	5.3 	4.7 	3.4 	3.4 	3.6 	3.8 	4.3 	4.1 	3.9 	3.4 	3.5 	3.5 	3.6 	3.7 	4.0 	2.9 	4.1 	4.7 	3.1 	4.0 	3.6 	4.1 
A,RT,FRF	7.3 	7.4 	7.4 	6.9 	6.4 	4.6 	4.5 	4.1 	4.3 	4.5 	5.1 	4.9 	4.6 	4.4 	4.7 	4.2 	4.4 	4.5 	4.2 	4.5 	3.5 	3.3 	3.4 	3.7 	3.2 	3.7 	3.6 	3.6 	3.5 	3.5 	3.8 	3.7 	4.4 
A,RT,FRF1	7.0 	5.8 	6.7 	6.5 	6.1 	4.4 	4.4 	3.8 	4.4 	5.1 	5.3 	4.8 	4.9 	4.2 	5.1 	4.1 	4.5 	5.3 	4.2 	5.0 	3.9 	3.6 	3.4 	4.0 	3.7 	3.8 	3.7 	4.2 	4.3 	2.6 	3.7 	3.8 	4.4 
A,RT,FRF2	8.0 	8.5 	8.6 	7.0 	7.2 	4.0 	4.3 	4.3 	4.1 	4.3 	4.4 	4.5 	4.9 	3.5 	4.4 	3.7 	4.4 	3.6 	5.1 	4.9 	3.6 	3.7 	3.4 	3.6 	3.0 	3.5 	3.5 	2.9 	3.6 	4.6 	4.3 	3.7 	3.5 
A,RT,FRF3	7.3 	8.0 	7.2 	7.2 	6.2 	5.0 	4.6 	4.2 	4.3 	4.2 	5.4 	5.2 	4.1 	5.1 	4.7 	4.5 	4.5 	4.4 	3.7 	3.8 	3.3 	2.9 	3.5 	3.5 	2.7 	3.8 	3.6 	3.5 	2.8 	3.7 	3.5 	3.7 	5.1 
A,RT,FRG	6.6 	7.1 	6.1 	6.2 	4.8 	4.1 	4.0 	5.3 	4.1 	4.2 	3.8 	4.5 	4.0 	3.5 	3.7 	3.0 	3.5 	3.3 	2.8 	3.2 	2.9 	2.5 	3.4 	2.5 	2.8 	2.8 	2.8 	2.5 	3.3 	3.0 	2.9 	3.0 	2.9 
A,RT,FRG0	6.6 	7.1 	6.1 	6.2 	4.8 	4.1 	4.0 	5.3 	4.1 	4.2 	3.8 	4.5 	4.0 	3.5 	3.7 	3.0 	3.5 	3.3 	2.8 	3.2 	2.9 	2.5 	3.4 	2.5 	2.8 	2.8 	2.8 	2.5 	3.3 	3.0 	2.9 	3.0 	2.9 
A,RT,FRH	7.1 	7.7 	6.0 	5.6 	5.0 	4.8 	4.7 	4.3 	4.1 	4.3 	3.9 	4.0 	3.7 	3.9 	3.7 	2.7 	2.6 	3.0 	3.2 	3.8 	3.6 	3.5 	3.3 	3.5 	3.1 	3.7 	3.3 	3.8 	3.3 	3.2 	3.4 	3.1 	3.1 
A,RT,FRH0	7.1 	7.7 	6.0 	5.6 	5.0 	4.8 	4.7 	4.3 	4.1 	4.3 	3.9 	4.0 	3.7 	3.9 	3.7 	2.7 	2.6 	3.0 	3.2 	3.8 	3.6 	3.5 	3.3 	3.5 	3.1 	3.7 	3.3 	3.8 	3.3 	3.2 	3.4 	3.1 	3.1 
A,RT,FRI	7.6 	7.2 	7.0 	6.4 	6.1 	5.1 	5.0 	4.3 	4.6 	3.5 	4.2 	4.6 	4.2 	3.8 	4.0 	3.3 	3.4 	3.6 	3.1 	3.7 	3.4 	2.5 	3.2 	3.0 	3.4 	3.2 	3.3 	3.6 	3.3 	3.5 	3.0 	3.2 	3.7 
A,RT,FRI1	8.0 	7.7 	7.0 	6.7 	5.9 	5.2 	4.8 	4.4 	4.7 	3.9 	4.4 	4.6 	4.1 	3.8 	4.0 	3.8 	3.8 	3.7 	3.2 	3.9 	3.6 	2.4 	3.4 	3.0 	3.5 	3.1 	3.0 	3.6 	3.3 	3.5 	3.3 	2.8 	3.7 
A,RT,FRI2	6.6 	5.9 	6.2 	4.8 	6.3 	6.2 	7.8 	4.6 	4.6 	3.2 	4.0 	5.1 	3.8 	3.2 	3.5 	2.5 	2.5 	4.2 	2.4 	2.8 	4.0 	3.1 	3.4 	3.1 	4.2 	4.5 	4.8 	3.8 	3.8 	4.5 	2.9 	4.5 	4.2 
A,RT,FRI3	7.2 	6.9 	7.4 	6.6 	6.2 	4.6 	4.3 	4.2 	4.4 	3.0 	3.8 	4.2 	4.3 	3.9 	4.2 	2.9 	2.9 	2.9 	3.2 	3.7 	2.7 	2.4 	2.7 	2.9 	2.9 	2.9 	3.2 	3.5 	3.3 	3.0 	2.5 	3.5 	3.4 
A,RT,FRJ	7.7 	7.3 	6.6 	6.0 	5.5 	4.8 	5.1 	4.4 	4.4 	4.3 	4.2 	4.0 	3.6 	3.4 	3.7 	3.3 	3.4 	3.3 	3.4 	4.3 	3.7 	3.2 	3.2 	3.1 	3.0 	2.8 	3.0 	3.1 	2.9 	3.2 	3.3 	3.0 	3.0 
A,RT,FRJ1	8.4 	6.6 	7.0 	6.6 	5.4 	5.0 	6.0 	4.9 	4.5 	4.9 	4.8 	4.1 	3.9 	3.4 	4.0 	3.1 	3.5 	3.6 	3.7 	4.5 	3.7 	3.4 	3.1 	3.7 	3.3 	2.5 	2.9 	3.0 	3.0 	3.5 	3.1 	2.8 	3.3 
A,RT,FRJ2	7.1 	7.9 	6.2 	5.5 	5.7 	4.7 	4.2 	3.9 	4.4 	3.8 	3.6 	3.9 	3.4 	3.5 	3.5 	3.5 	3.4 	3.0 	3.0 	4.0 	3.7 	2.9 	3.2 	2.4 	2.7 	3.0 	3.2 	3.3 	2.8 	2.9 	3.5 	3.1 	2.8 
A,RT,FRK	6.6 	6.2 	6.1 	5.6 	5.6 	4.6 	4.4 	4.0 	4.2 	3.9 	3.7 	4.2 	3.7 	3.5 	3.1 	3.3 	3.2 	3.2 	3.4 	3.3 	2.9 	3.0 	3.3 	3.2 	3.3 	3.3 	2.8 	3.4 	3.3 	3.3 	2.9 	3.4 	3.3 
A,RT,FRK1	8.3 	8.1 	7.6 	6.5 	6.6 	5.2 	5.0 	4.7 	5.7 	3.9 	3.7 	4.9 	3.2 	3.5 	3.3 	4.2 	3.0 	3.4 	2.9 	3.5 	3.5 	3.5 	3.4 	3.5 	3.4 	3.6 	3.0 	3.7 	3.1 	3.3 	2.7 	4.5 	4.0 
A,RT,FRK2	6.3 	5.8 	5.8 	5.5 	5.4 	4.5 	4.3 	3.9 	4.0 	3.9 	3.8 	4.1 	3.8 	3.5 	3.1 	3.2 	3.3 	3.2 	3.5 	3.3 	2.8 	2.9 	3.2 	3.2 	3.3 	3.2 	2.8 	3.3 	3.3 	3.3 	2.9 	3.2 	3.2 
A,RT,FRL	6.1 	6.1 	6.1 	5.3 	4.8 	4.0 	3.9 	4.1 	4.2 	3.6 	4.4 	3.3 	3.3 	3.8 	3.8 	3.1 	3.4 	3.5 	3.0 	3.3 	3.1 	3.1 	2.8 	3.0 	3.3 	3.4 	3.3 	3.2 	3.4 	3.1 	2.6 	3.1 	3.4 
A,RT,FRL0	6.1 	6.1 	6.1 	5.3 	4.8 	4.0 	3.9 	4.1 	4.2 	3.6 	4.4 	3.3 	3.3 	3.8 	3.8 	3.1 	3.4 	3.5 	3.0 	3.3 	3.1 	3.1 	2.8 	3.0 	3.3 	3.4 	3.3 	3.2 	3.4 	3.1 	2.6 	3.1 	3.4 
A,RT,FRM	7.7 	6.8 	6.3 	4.0 	8.5 	3.4 	3.3 	3.8 	4.7 	2.6 	4.1 	2.2 	2.5 	1.1 	4.9 	3.8 	1.4 	3.9 	2.0 	2.7 	4.3 	3.6 	1.3 	3.4 	3.7 	3.8 	3.4 	5.8 	1.8 	3.9 	3.0 	2.6 	2.5 
A,RT,FRM0	7.7 	6.8 	6.3 	4.0 	8.5 	3.4 	3.3 	3.8 	4.7 	2.6 	4.1 	2.2 	2.5 	1.1 	4.9 	3.8 	1.4 	3.9 	2.0 	2.7 	4.3 	3.6 	1.3 	3.4 	3.7 	3.8 	3.4 	5.8 	1.8 	3.9 	3.0 	2.6 	2.5 
A,RT,FRY	: 	: 	: 	: 	: 	: 	: 	: 	: 	: 	: 	: 	: 	: 	: 	: 	: 	: 	: 	: 	: 	: 	: 	7.4 	7.6 	7.4 	8.8 	8.5 	7.8 	8.1 	7.4 	8.0 	8.3 
A,RT,FRY1	: 	: 	: 	: 	: 	: 	: 	: 	: 	: 	: 	: 	: 	: 	: 	: 	: 	: 	: 	: 	: 	: 	10.0 	8.8 	8.1 	8.0 	7.8 	8.6 	6.9 	7.7 	8.5 	9.7 	4.9 
A,RT,FRY2	: 	: 	: 	: 	: 	: 	: 	: 	8.6 	6.8 	7.1 	7.4 	6.3 	6.3 	5.1 	9.3 	8.2 	8.8 	7.5 	9.3 	8.4 	8.5 	7.4 	6.8 	5.7 	6.0 	10.3 	11.0 	9.3 	6.7 	5.7 	9.1 	9.2 
A,RT,FRY3	: 	: 	: 	: 	: 	: 	: 	: 	10.9 	10.2 	12.4 	14.0 	10.2 	11.0 	10.4 	10.7 	12.6 	12.1 	13.6 	10.4 	10.9 	8.6 	9.8 	8.0 	8.0 	8.8 	10.5 	10.4 	7.9 	9.7 	6.9 	8.0 	9.8 
A,RT,FRY4	: 	: 	: 	: 	: 	: 	: 	: 	8.2 	6.0 	5.5 	6.9 	6.3 	7.3 	6.6 	7.9 	6.6 	6.1 	8.0 	7.6 	6.6 	7.7 	7.9 	6.8 	6.7 	6.6 	7.1 	6.3 	6.1 	7.3 	6.4 	6.4 	7.0 
A,RT,FRY5	: 	: 	: 	: 	: 	: 	: 	: 	: 	: 	: 	: 	: 	: 	: 	: 	: 	: 	: 	: 	: 	: 	: 	: 	9.6 	7.9 	10.1 	8.8 	9.8 	8.5 	9.5 	8.8 	10.1 
A,RT,HR	: 	: 	: 	: 	: 	: 	: 	: 	8.2 	7.7 	7.4 	7.7 	7.0 	6.3 	6.1 	5.7 	5.2 	5.6 	4.5 	5.3 	4.4 	4.7 	3.6 	4.1 	5.0 	4.1 	4.3 	4.0 	4.2 	4.0 	4.0 	3.8 	4.1 
A,RT,HR0	: 	: 	: 	: 	: 	: 	: 	: 	8.2 	7.7 	7.4 	7.7 	7.0 	6.3 	6.1 	5.7 	5.2 	5.6 	4.5 	5.3 	4.4 	4.7 	3.6 	4.1 	5.0 	4.1 	4.3 	4.0 	4.2 	4.0 	4.0 	3.8 	4.1 
A,RT,HR02	: 	: 	: 	: 	: 	: 	: 	: 	: 	: 	: 	: 	: 	: 	: 	: 	: 	: 	: 	: 	: 	: 	: 	: 	: 	: 	: 	: 	: 	: 	4.8 	3.9 	4.7 
A,RT,HR03	: 	: 	: 	: 	: 	: 	: 	: 	6.4 	6.6 	7.1 	7.7 	7.6 	5.0 	5.3 	5.5 	5.3 	6.2 	4.6 	4.1 	4.6 	4.5 	3.8 	3.8 	4.6 	4.1 	4.2 	4.6 	4.4 	3.9 	3.8 	4.2 	5.0 
A,RT,HR04	: 	: 	: 	: 	: 	: 	: 	: 	9.1 	8.3 	7.5 	7.7 	6.8 	6.9 	6.4 	5.8 	5.1 	5.3 	4.4 	5.8 	4.4 	4.7 	3.5 	4.2 	5.2 	4.1 	4.3 	3.8 	4.2 	4.0 	: 	: 	: 
A,RT,HR05	: 	: 	: 	: 	: 	: 	: 	: 	: 	: 	: 	: 	: 	: 	: 	: 	: 	: 	: 	: 	: 	: 	: 	: 	: 	: 	: 	: 	: 	: 	2.8 	2.2 	2.3 
A,RT,HR06	: 	: 	: 	: 	: 	: 	: 	: 	: 	: 	: 	: 	: 	: 	: 	: 	: 	: 	: 	: 	: 	: 	: 	: 	: 	: 	: 	: 	: 	: 	4.5 	4.6 	3.8 
A,RT,HU	14.8 	15.6 	14.1 	12.5 	11.5 	10.7 	10.9 	9.9 	9.7 	8.4 	9.2 	8.1 	7.2 	7.3 	6.6 	6.2 	5.7 	5.9 	5.6 	5.1 	5.3 	4.9 	4.9 	5.0 	4.5 	4.2 	3.9 	3.5 	3.3 	3.6 	3.4 	3.3 	3.6 
A,RT,HU1	14.2 	15.0 	13.3 	12.1 	12.0 	9.5 	11.0 	9.0 	9.8 	8.2 	9.3 	8.5 	6.3 	6.2 	5.4 	4.5 	5.1 	4.9 	4.9 	3.5 	4.3 	3.6 	3.1 	3.5 	3.8 	3.3 	3.1 	2.6 	2.5 	2.6 	2.1 	1.8 	2.6 
A,RT,HU11	13.2 	15.2 	12.4 	13.6 	11.2 	10.1 	10.0 	8.4 	8.9 	8.4 	10.0 	8.8 	6.7 	5.9 	5.8 	4.5 	5.1 	4.5 	4.7 	3.3 	3.8 	3.5 	2.9 	3.5 	3.6 	3.3 	3.1 	2.1 	2.5 	2.3 	1.5 	1.7 	1.9 
A,RT,HU12	15.8 	14.8 	14.6 	9.9 	13.1 	8.6 	12.4 	9.9 	11.2 	7.8 	8.5 	8.2 	5.8 	6.6 	4.9 	4.4 	5.0 	5.4 	5.3 	3.8 	5.1 	3.7 	3.4 	3.6 	4.0 	3.3 	3.1 	3.1 	2.4 	3.0 	2.8 	1.9 	3.4 
A,RT,HU2	13.9 	15.1 	13.7 	11.2 	9.9 	10.2 	10.5 	10.0 	9.5 	8.9 	9.3 	7.7 	7.0 	7.4 	6.3 	5.6 	5.3 	6.1 	4.8 	4.9 	5.3 	4.5 	6.3 	5.4 	4.9 	4.3 	3.6 	3.1 	3.3 	3.0 	3.8 	3.5 	3.2 
A,RT,HU21	14.4 	16.3 	13.8 	10.0 	10.8 	10.8 	10.6 	9.6 	11.0 	8.9 	8.5 	6.3 	6.3 	7.6 	6.2 	6.2 	5.4 	6.4 	5.3 	4.4 	4.5 	4.8 	6.0 	5.2 	4.3 	5.1 	3.1 	2.1 	2.4 	2.7 	4.0 	4.2 	3.3 
A,RT,HU22	12.6 	12.5 	12.5 	11.2 	9.4 	9.4 	8.5 	8.8 	8.9 	9.3 	10.0 	7.3 	8.4 	6.6 	5.6 	6.0 	4.9 	5.4 	4.4 	5.4 	5.4 	4.1 	6.5 	4.2 	5.2 	3.2 	3.2 	4.2 	3.6 	2.8 	3.7 	3.3 	2.3 
A,RT,HU23	14.6 	16.1 	14.8 	12.7 	9.4 	10.3 	12.1 	11.7 	8.4 	8.5 	9.7 	9.6 	6.5 	8.0 	7.1 	4.6 	5.4 	6.5 	4.6 	5.0 	6.0 	4.5 	6.3 	7.0 	5.4 	4.6 	4.9 	3.1 	4.0 	3.4 	3.6 	2.9 	4.3 
A,RT,HU3	15.6 	16.3 	14.8 	13.4 	12.3 	11.5 	11.1 	10.2 	9.5 	8.3 	9.0 	8.2 	7.9 	7.9 	7.6 	7.7 	6.5 	6.5 	6.5 	6.5 	6.1 	6.3 	5.3 	5.9 	4.7 	4.6 	4.6 	4.4 	3.8 	4.7 	4.1 	4.2 	4.5 
A,RT,HU31	14.7 	17.0 	15.0 	13.9 	12.1 	10.8 	10.6 	11.2 	9.9 	9.1 	8.3 	9.4 	9.8 	8.9 	9.6 	7.5 	9.0 	9.5 	8.8 	8.1 	5.5 	7.7 	7.1 	9.0 	5.2 	4.5 	4.6 	4.5 	5.5 	5.2 	4.9 	4.7 	5.0 
A,RT,HU32	16.4 	15.8 	14.1 	12.9 	12.5 	12.1 	11.4 	10.5 	9.8 	8.1 	9.8 	7.7 	7.2 	6.6 	6.1 	6.8 	5.3 	5.2 	4.6 	5.6 	7.2 	5.2 	4.7 	4.9 	4.4 	5.0 	4.8 	4.0 	3.0 	5.1 	3.6 	4.5 	4.3 
A,RT,HU33	15.4 	16.4 	15.5 	13.6 	12.2 	11.5 	11.1 	8.9 	8.7 	7.7 	8.7 	7.6 	6.7 	8.6 	7.3 	9.2 	5.2 	5.2 	6.9 	6.1 	5.2 	6.3 	4.2 	4.0 	4.7 	4.3 	4.3 	4.7 	3.0 	3.6 	3.9 	3.2 	4.0 
A,RT,IE	8.2 	7.6 	6.5 	6.1 	5.7 	6.4 	6.0 	6.1 	5.9 	5.9 	6.2 	5.7 	5.1 	5.1 	4.9 	4.0 	3.7 	3.2 	3.8 	3.3 	3.4 	3.5 	3.2 	3.6 	3.3 	3.4 	3.0 	3.0 	2.9 	2.8 	3.0 	3.2 	3.2 
A,RT,IE0	8.2 	7.6 	6.5 	6.1 	5.7 	6.4 	6.0 	6.1 	5.9 	5.9 	6.2 	5.7 	5.1 	5.1 	4.9 	4.0 	3.7 	3.2 	3.8 	3.3 	3.4 	3.5 	3.2 	3.6 	3.3 	3.4 	3.0 	3.0 	2.9 	2.8 	3.0 	3.2 	3.2 
A,RT,IE04	: 	: 	: 	: 	: 	: 	: 	: 	: 	: 	: 	: 	: 	: 	: 	: 	: 	: 	: 	: 	: 	: 	: 	3.5 	4.0 	4.7 	3.4 	3.0 	2.4 	2.3 	3.2 	3.9 	2.9 
A,RT,IE05	: 	: 	: 	: 	: 	: 	: 	: 	: 	: 	: 	: 	: 	: 	: 	: 	: 	: 	: 	: 	: 	: 	: 	4.2 	3.9 	3.3 	3.0 	2.9 	3.0 	2.6 	2.9 	3.7 	3.6 
A,RT,IE06	: 	: 	: 	: 	: 	: 	: 	: 	: 	: 	: 	: 	: 	: 	: 	: 	: 	: 	: 	: 	: 	: 	: 	3.2 	2.8 	3.1 	3.0 	3.2 	2.9 	3.1 	2.9 	2.6 	3.1 
A,RT,IS	5.9 	5.5 	4.8 	4.8 	3.4 	6.1 	3.7 	5.5 	2.6 	2.4 	3.0 	2.7 	2.2 	2.4 	2.8 	2.3 	1.4 	2.0 	2.5 	1.8 	2.2 	0.9 	1.1 	1.8 	2.1 	2.2 	0.7 	2.7 	1.7 	1.1 	2.9 	3.3 	1.4 
A,RT,IS0	5.9 	5.5 	4.8 	4.8 	3.4 	6.1 	3.7 	5.5 	2.6 	2.4 	3.0 	2.7 	2.2 	2.4 	2.8 	2.3 	1.4 	2.0 	2.5 	1.8 	2.2 	0.9 	1.1 	1.8 	2.1 	2.2 	0.7 	2.7 	1.7 	1.1 	2.9 	3.3 	1.4 
A,RT,IS00	5.9 	5.5 	4.8 	4.8 	3.4 	6.1 	3.7 	5.5 	2.6 	2.4 	3.0 	2.7 	2.2 	2.4 	2.8 	2.3 	1.4 	2.0 	2.5 	1.8 	2.2 	0.9 	1.1 	1.8 	2.1 	2.2 	0.7 	2.7 	1.7 	1.1 	2.9 	3.3 	1.4 
A,RT,IT	8.1 	8.0 	7.8 	7.0 	6.4 	6.1 	6.0 	5.5 	5.1 	4.9 	4.3 	4.4 	4.1 	3.8 	3.4 	3.3 	3.2 	3.1 	3.1 	3.2 	3.0 	2.9 	2.9 	2.9 	2.8 	2.9 	2.8 	2.7 	2.8 	2.4 	2.4 	2.3 	2.3 
A,RT,ITC	6.8 	6.6 	6.5 	5.5 	5.1 	5.0 	4.8 	4.3 	4.1 	3.9 	3.5 	3.9 	3.4 	3.4 	2.6 	2.8 	2.7 	2.8 	2.6 	2.7 	2.4 	2.6 	2.5 	2.4 	2.7 	2.6 	2.6 	2.6 	2.5 	2.2 	2.2 	2.1 	2.3 
A,RT,ITC1	6.5 	6.7 	7.3 	6.3 	5.4 	5.9 	6.1 	5.1 	4.8 	4.8 	3.4 	3.6 	3.5 	3.5 	2.4 	2.7 	3.4 	2.7 	2.9 	2.5 	2.5 	2.4 	2.2 	2.3 	1.8 	2.6 	2.5 	2.5 	2.1 	2.3 	2.1 	1.8 	2.2 
A,RT,ITC2	6.4 	4.1 	7.5 	3.4 	5.2 	5.1 	4.4 	6.2 	4.6 	2.7 	4.3 	3.6 	6.3 	6.1 	2.5 	3.4 	0.8 	3.2 	6.2 	1.5 	3.2 	0.8 	1.7 	2.8 	2.7 	5.1 	5.2 	1.1 	2.2 	2.4 	0.0 	0.0 	6.4 
A,RT,ITC3	7.0 	6.2 	6.9 	6.3 	5.6 	5.3 	5.0 	5.3 	5.2 	3.5 	4.5 	4.5 	3.4 	3.3 	2.6 	2.4 	3.0 	3.5 	2.7 	2.5 	2.8 	3.2 	2.8 	2.1 	3.5 	2.6 	2.6 	2.0 	2.4 	2.4 	2.1 	2.8 	2.4 
A,RT,ITC4	6.9 	6.6 	6.1 	5.1 	4.9 	4.6 	4.3 	3.9 	3.6 	3.7 	3.4 	3.9 	3.3 	3.4 	2.6 	2.9 	2.4 	2.7 	2.4 	2.8 	2.3 	2.6 	2.5 	2.4 	3.0 	2.6 	2.7 	2.7 	2.7 	2.1 	2.3 	2.2 	2.3 
A,RT,ITF	9.8 	10.0 	9.2 	8.7 	8.2 	7.3 	7.1 	6.4 	6.2 	5.9 	5.2 	5.6 	5.0 	4.4 	4.6 	4.1 	4.0 	3.8 	3.9 	3.8 	3.7 	3.4 	3.5 	3.5 	3.1 	3.1 	3.1 	3.3 	3.3 	2.7 	2.9 	2.7 	2.8 
A,RT,ITF1	8.5 	8.7 	10.5 	7.6 	8.8 	6.8 	8.1 	5.8 	6.4 	5.2 	4.0 	5.0 	4.1 	3.4 	4.1 	2.8 	3.8 	4.1 	4.9 	3.8 	4.4 	3.1 	3.6 	3.0 	1.8 	3.3 	2.3 	2.7 	2.8 	3.1 	2.5 	2.3 	3.1 
A,RT,ITF2	7.8 	10.4 	9.0 	6.0 	6.8 	6.0 	5.9 	4.8 	4.2 	4.0 	6.0 	5.8 	2.3 	2.7 	3.5 	1.2 	2.0 	2.4 	4.0 	3.8 	5.2 	1.7 	2.1 	4.4 	3.6 	2.8 	1.4 	0.9 	1.6 	1.0 	2.3 	2.4 	0.6 
A,RT,ITF3	10.1 	10.5 	9.4 	9.1 	8.6 	7.2 	7.1 	6.6 	5.9 	5.7 	4.9 	5.4 	4.5 	4.1 	4.4 	4.0 	3.9 	3.9 	3.8 	3.8 	3.8 	3.4 	3.9 	3.7 	2.9 	3.0 	3.2 	3.5 	3.5 	2.4 	3.0 	2.6 	2.9 
A,RT,ITF4	9.8 	8.9 	9.1 	8.3 	7.4 	7.4 	6.9 	6.1 	6.3 	6.3 	5.7 	5.8 	5.7 	4.8 	4.8 	4.3 	3.7 	3.7 	3.4 	3.9 	3.2 	2.9 	2.9 	2.8 	3.1 	3.0 	2.9 	3.0 	3.0 	2.2 	2.8 	2.5 	2.7 
A,RT,ITF5	12.2 	11.5 	9.1 	9.7 	7.7 	8.0 	5.7 	8.7 	5.6 	8.3 	4.1 	5.0 	7.1 	3.8 	4.5 	4.1 	3.2 	0.2 	5.1 	4.0 	3.5 	4.0 	2.5 	4.1 	2.9 	4.1 	4.5 	3.0 	3.8 	2.7 	2.3 	2.1 	2.8 
A,RT,ITF6	9.2 	10.6 	8.2 	9.2 	8.5 	7.8 	7.5 	6.4 	7.2 	5.5 	6.0 	6.0 	5.1 	5.3 	5.3 	5.2 	5.3 	4.6 	4.1 	3.9 	3.5 	4.6 	4.1 	4.6 	4.5 	3.5 	3.7 	4.0 	3.8 	4.2 	3.6 	3.9 	3.3 
A,RT,ITG	10.0 	9.7 	9.5 	8.4 	7.7 	7.6 	8.3 	7.4 	6.7 	6.5 	5.6 	5.8 	6.1 	4.9 	4.1 	4.1 	3.6 	3.8 	3.9 	4.3 	4.2 	3.6 	3.5 	3.9 	3.8 	3.7 	3.6 	3.7 	3.5 	3.2 	2.8 	3.2 	2.6 
A,RT,ITG1	10.4 	10.2 	10.1 	8.7 	8.4 	8.2 	8.9 	7.7 	7.2 	7.0 	6.0 	6.3 	6.7 	5.4 	4.3 	4.6 	3.7 	4.0 	4.2 	4.6 	4.4 	3.8 	3.9 	4.0 	4.2 	4.0 	3.9 	4.0 	3.7 	3.5 	3.1 	3.4 	2.6 
A,RT,ITG2	8.5 	7.5 	6.8 	6.8 	5.0 	4.9 	5.6 	6.1 	4.8 	4.6 	4.0 	3.9 	3.5 	2.9 	3.3 	2.1 	3.1 	3.0 	2.8 	3.2 	3.6 	2.8 	2.2 	3.5 	2.4 	2.4 	2.6 	2.3 	2.3 	1.9 	1.2 	2.1 	2.6 
A,RT,ITH	: 	: 	: 	: 	: 	: 	: 	: 	: 	: 	: 	3.0 	3.3 	3.0 	2.8 	2.8 	2.8 	2.6 	2.7 	2.8 	2.5 	2.9 	2.6 	2.7 	2.6 	2.5 	2.5 	2.2 	2.3 	2.5 	1.9 	2.1 	2.1 
A,RT,ITH1	7.1 	5.5 	4.8 	4.7 	4.8 	4.6 	5.3 	5.6 	4.2 	5.0 	2.6 	2.6 	4.0 	3.5 	3.5 	3.4 	4.3 	4.2 	2.9 	3.1 	3.3 	1.3 	2.4 	2.3 	3.1 	2.4 	3.1 	2.8 	3.4 	1.7 	3.1 	1.9 	1.8 
A,RT,ITH2	5.4 	4.5 	6.2 	3.9 	5.0 	5.1 	3.5 	2.8 	3.1 	4.0 	3.5 	2.0 	3.7 	3.8 	3.5 	2.3 	2.9 	1.4 	1.8 	2.1 	2.0 	2.8 	4.1 	2.7 	2.3 	2.3 	3.7 	1.6 	3.7 	1.7 	1.5 	1.9 	2.2 
A,RT,ITH3	5.7 	5.3 	5.9 	5.6 	4.9 	4.3 	4.7 	3.8 	3.5 	3.8 	3.0 	2.4 	3.3 	2.8 	2.5 	2.4 	2.6 	2.8 	2.7 	2.8 	2.5 	3.0 	2.6 	2.4 	2.3 	2.5 	2.5 	2.1 	2.1 	2.4 	1.9 	2.0 	2.0 
A,RT,ITH4	3.6 	4.7 	5.0 	3.7 	3.1 	3.7 	3.8 	3.1 	2.0 	1.8 	2.4 	3.7 	2.3 	2.5 	1.6 	3.5 	2.3 	1.2 	1.8 	2.6 	2.6 	3.5 	2.0 	3.2 	2.1 	2.7 	2.0 	1.8 	1.9 	2.1 	1.6 	2.2 	2.3 
A,RT,ITH5	: 	: 	: 	: 	: 	: 	: 	: 	: 	: 	: 	3.6 	3.5 	3.1 	3.5 	3.1 	3.0 	2.6 	3.1 	2.9 	2.6 	2.8 	2.6 	2.9 	3.1 	2.5 	2.3 	2.4 	2.3 	2.9 	1.8 	2.3 	2.1 
A,RT,ITI	: 	: 	: 	: 	: 	: 	: 	: 	: 	: 	: 	4.0 	3.4 	3.4 	3.2 	3.0 	3.2 	2.8 	2.9 	3.1 	2.7 	2.5 	2.5 	2.6 	2.4 	2.8 	2.7 	2.2 	2.5 	1.8 	2.0 	1.6 	1.5 
A,RT,ITI1	6.1 	6.4 	6.9 	6.2 	5.6 	6.5 	5.5 	4.7 	4.4 	3.9 	3.5 	3.3 	2.0 	2.4 	3.1 	2.1 	2.5 	2.0 	2.3 	2.3 	2.6 	2.3 	2.1 	1.8 	2.1 	2.5 	2.5 	2.0 	2.3 	1.2 	1.6 	1.4 	1.4 
A,RT,ITI2	7.6 	8.1 	6.2 	5.8 	4.6 	5.3 	4.7 	4.8 	4.5 	5.3 	4.3 	3.0 	2.1 	4.4 	3.3 	2.3 	2.8 	2.7 	2.9 	2.5 	2.4 	1.4 	2.6 	2.3 	2.3 	4.3 	2.4 	1.5 	3.3 	1.3 	3.2 	1.3 	1.8 
A,RT,ITI3	: 	: 	: 	: 	: 	: 	: 	: 	: 	: 	: 	4.3 	4.0 	3.1 	2.2 	2.9 	3.3 	2.7 	2.6 	3.9 	2.2 	1.9 	1.4 	2.4 	1.9 	2.6 	1.9 	2.4 	1.9 	2.0 	1.4 	1.5 	1.7 
A,RT,ITI4	7.0 	7.7 	8.0 	6.4 	5.4 	5.3 	5.0 	5.7 	5.5 	4.6 	4.6 	4.5 	4.1 	3.9 	3.5 	3.7 	3.7 	3.3 	3.4 	3.5 	3.0 	3.0 	3.0 	3.0 	2.7 	2.9 	3.0 	2.4 	2.7 	2.3 	2.3 	1.7 	1.5 
A,RT,LI	: 	: 	: 	: 	5.6 	0.0 	7.4 	18.4 	7.5 	10.0 	9.5 	0.0 	2.5 	2.9 	2.7 	2.6 	5.5 	0.0 	0.0 	2.5 	3.0 	2.5 	8.4 	5.9 	2.7 	6.2 	2.6 	0.0 	0.0 	0.0 	5.7 	5.3 	0.0 
A,RT,LI0	: 	: 	: 	: 	5.6 	0.0 	7.4 	18.4 	7.5 	10.0 	9.5 	0.0 	2.5 	2.9 	2.7 	2.6 	5.5 	0.0 	0.0 	2.5 	3.0 	2.5 	8.4 	5.9 	2.7 	6.2 	2.6 	0.0 	0.0 	0.0 	5.7 	5.3 	0.0 
A,RT,LI00	: 	: 	: 	: 	5.6 	0.0 	7.4 	18.4 	7.5 	10.0 	9.5 	0.0 	2.5 	2.9 	2.7 	2.6 	5.5 	0.0 	0.0 	2.5 	3.0 	2.5 	8.4 	5.9 	2.7 	6.2 	2.6 	0.0 	0.0 	0.0 	5.7 	5.3 	0.0 
A,RT,LT	10.2 	14.4 	16.3 	15.7 	14.2 	12.5 	10.1 	10.3 	9.3 	8.7 	8.6 	8.0 	8.1 	6.9 	8.1 	7.1 	7.2 	6.3 	5.5 	5.6 	5.0 	4.8 	3.9 	3.7 	3.9 	4.2 	4.5 	3.0 	3.4 	3.3 	2.8 	3.1 	3.0 
A,RT,LT0	10.2 	14.4 	16.3 	15.7 	14.2 	12.5 	10.1 	10.3 	9.3 	8.7 	8.6 	8.0 	8.1 	6.9 	8.1 	7.1 	7.2 	6.3 	5.5 	5.6 	5.0 	4.8 	3.9 	3.7 	3.9 	4.2 	4.5 	3.0 	3.4 	3.3 	2.8 	3.1 	3.0 
A,RT,LT01	: 	: 	: 	: 	: 	: 	: 	: 	: 	: 	: 	: 	: 	: 	: 	: 	: 	: 	: 	: 	: 	: 	: 	3.7 	2.4 	3.9 	3.8 	3.3 	3.4 	3.6 	2.6 	3.1 	2.3 
A,RT,LT02	: 	: 	: 	: 	: 	: 	: 	: 	: 	: 	: 	: 	: 	: 	: 	: 	: 	: 	: 	: 	: 	: 	: 	3.7 	4.5 	4.3 	4.9 	2.8 	3.4 	3.2 	2.9 	3.1 	3.4 
A,RT,LU	7.3 	9.2 	8.5 	6.0 	5.3 	5.5 	4.9 	4.2 	5.0 	4.7 	5.1 	5.9 	5.1 	4.9 	3.9 	2.6 	2.5 	1.8 	1.8 	2.5 	3.4 	4.3 	2.5 	3.9 	2.8 	2.8 	3.8 	3.2 	4.3 	4.7 	4.5 	3.1 	3.5 
A,RT,LU0	7.3 	9.2 	8.5 	6.0 	5.3 	5.5 	4.9 	4.2 	5.0 	4.7 	5.1 	5.9 	5.1 	4.9 	3.9 	2.6 	2.5 	1.8 	1.8 	2.5 	3.4 	4.3 	2.5 	3.9 	2.8 	2.8 	3.8 	3.2 	4.3 	4.7 	4.5 	3.1 	3.5 
A,RT,LU00	7.3 	9.2 	8.5 	6.0 	5.3 	5.5 	4.9 	4.2 	5.0 	4.7 	5.1 	5.9 	5.1 	4.9 	3.9 	2.6 	2.5 	1.8 	1.8 	2.5 	3.4 	4.3 	2.5 	3.9 	2.8 	2.8 	3.8 	3.2 	4.3 	4.7 	4.5 	3.1 	3.5 
A,RT,LV	: 	: 	: 	: 	: 	: 	: 	: 	: 	: 	: 	: 	9.8 	9.4 	9.3 	7.7 	7.4 	8.5 	6.6 	7.6 	5.6 	6.6 	6.3 	4.4 	3.8 	4.1 	3.7 	4.1 	3.2 	3.4 	3.5 	2.7 	2.4 
A,RT,LV0	: 	: 	: 	: 	: 	: 	: 	: 	: 	: 	: 	: 	9.8 	9.4 	9.3 	7.7 	7.4 	8.5 	6.6 	7.6 	5.6 	6.6 	6.3 	4.4 	3.8 	4.1 	3.7 	4.1 	3.2 	3.4 	3.5 	2.7 	2.4 
A,RT,LV00	: 	: 	: 	: 	: 	: 	: 	: 	: 	: 	: 	: 	9.8 	9.4 	9.3 	7.7 	7.4 	8.5 	6.6 	7.6 	5.6 	6.6 	6.3 	4.4 	3.8 	4.1 	3.7 	4.1 	3.2 	3.4 	3.5 	2.7 	2.4 
A,RT,ME	: 	: 	: 	: 	: 	: 	: 	: 	: 	: 	: 	: 	: 	: 	: 	8.4 	11.0 	7.4 	7.5 	5.7 	6.7 	4.4 	4.4 	4.4 	4.9 	2.2 	3.4 	1.3 	1.7 	2.4 	2.8 	: 	: 
A,RT,ME0	: 	: 	: 	: 	: 	: 	: 	: 	: 	: 	: 	: 	: 	: 	: 	8.4 	11.0 	7.4 	7.5 	5.7 	6.7 	4.4 	4.4 	4.4 	4.9 	2.2 	3.4 	1.3 	1.7 	2.4 	2.8 	: 	: 
A,RT,ME00	: 	: 	: 	: 	: 	: 	: 	: 	: 	: 	: 	: 	: 	: 	: 	8.4 	11.0 	7.4 	7.5 	5.7 	6.7 	4.4 	4.4 	4.4 	4.9 	2.2 	3.4 	1.3 	1.7 	2.4 	2.8 	: 	: 
A,RT,MK	31.6 	28.3 	30.6 	24.1 	22.5 	22.7 	16.4 	15.7 	16.3 	14.9 	11.8 	11.9 	10.2 	11.3 	13.2 	12.8 	11.5 	10.3 	9.7 	11.7 	7.6 	7.6 	9.8 	10.2 	9.9 	8.6 	11.9 	9.2 	5.7 	5.6 	5.7 	4.6 	: 
A,RT,MK0	31.6 	28.3 	30.6 	24.1 	22.5 	22.7 	16.4 	15.7 	16.3 	14.9 	11.8 	11.9 	10.2 	11.3 	13.2 	12.8 	11.5 	10.3 	9.7 	11.7 	7.6 	7.6 	9.8 	10.2 	9.9 	8.6 	11.9 	9.2 	5.7 	5.6 	5.7 	4.6 	: 
A,RT,MK00	31.6 	28.3 	30.6 	24.1 	22.5 	22.7 	16.4 	15.7 	16.3 	14.9 	11.8 	11.9 	10.2 	11.3 	13.2 	12.8 	11.5 	10.3 	9.7 	11.7 	7.6 	7.6 	9.8 	10.2 	9.9 	8.6 	11.9 	9.2 	5.7 	5.6 	5.7 	4.6 	: 
A,RT,MT	9.1 	9.6 	10.8 	8.2 	9.1 	8.9 	10.9 	6.8 	7.3 	7.5 	5.2 	3.8 	5.4 	5.7 	5.7 	5.4 	3.7 	6.6 	8.5 	5.5 	5.6 	6.5 	5.3 	6.7 	5.0 	5.8 	7.4 	6.7 	5.6 	6.7 	3.9 	3.9 	5.3 
A,RT,MT0	9.1 	9.6 	10.8 	8.2 	9.1 	8.9 	10.9 	6.8 	7.3 	7.5 	5.2 	3.8 	5.4 	5.7 	5.7 	5.4 	3.7 	6.6 	8.5 	5.5 	5.6 	6.5 	5.3 	6.7 	5.0 	5.8 	7.4 	6.7 	5.6 	6.7 	3.9 	3.9 	5.3 
A,RT,MT00	9.1 	9.6 	10.8 	8.2 	9.1 	8.9 	10.9 	6.8 	7.3 	7.5 	5.2 	3.8 	5.4 	5.7 	5.7 	5.4 	3.7 	6.6 	8.5 	5.5 	5.6 	6.5 	5.3 	6.7 	5.0 	5.8 	7.4 	6.7 	5.6 	6.7 	3.9 	3.9 	5.3 
A,RT,NL	7.1 	6.5 	6.3 	6.3 	5.6 	5.5 	5.7 	5.0 	5.2 	5.2 	5.1 	5.4 	5.0 	4.8 	4.4 	4.9 	4.4 	4.1 	3.8 	3.8 	3.8 	3.6 	3.7 	3.8 	3.6 	3.3 	3.5 	3.6 	3.5 	3.6 	3.8 	3.3 	3.2 
A,RT,NL1	: 	: 	: 	: 	: 	: 	: 	: 	: 	: 	: 	5.7 	5.9 	5.5 	4.4 	5.1 	4.4 	4.3 	3.4 	4.2 	4.5 	4.4 	5.0 	5.6 	4.3 	4.7 	4.1 	3.5 	4.0 	3.8 	3.4 	2.7 	3.8 
A,RT,NL11	: 	: 	: 	: 	: 	: 	: 	: 	: 	: 	: 	6.3 	5.4 	4.7 	2.6 	5.6 	5.5 	5.5 	2.7 	3.7 	4.7 	3.9 	6.6 	6.9 	5.4 	6.0 	3.7 	4.1 	4.5 	4.2 	5.2 	2.1 	4.4 
A,RT,NL12	: 	: 	: 	: 	: 	: 	: 	: 	: 	: 	: 	5.6 	6.1 	6.4 	5.4 	5.0 	4.8 	4.1 	4.7 	4.5 	4.4 	5.1 	4.9 	6.1 	4.3 	5.2 	4.8 	2.3 	4.2 	3.5 	2.6 	2.7 	3.4 
A,RT,NL13	: 	: 	: 	: 	: 	: 	: 	: 	: 	: 	: 	5.3 	6.1 	5.3 	5.1 	4.7 	2.6 	3.1 	2.2 	4.2 	4.2 	3.9 	3.2 	3.1 	3.0 	2.2 	3.6 	4.5 	3.3 	3.6 	2.4 	3.4 	3.5 
A,RT,NL2	: 	: 	: 	: 	: 	: 	: 	: 	: 	: 	: 	5.5 	5.2 	5.0 	4.9 	5.6 	4.8 	4.5 	4.3 	4.1 	4.5 	4.1 	4.0 	3.7 	3.4 	3.4 	3.7 	4.1 	3.8 	3.5 	4.6 	3.8 	3.3 
A,RT,NL21	: 	: 	: 	: 	: 	: 	: 	: 	: 	: 	: 	5.3 	5.1 	4.3 	4.9 	5.0 	6.1 	4.7 	3.8 	4.1 	5.1 	4.3 	3.2 	4.0 	3.6 	3.6 	3.2 	3.8 	3.5 	2.9 	4.6 	3.8 	2.9 
A,RT,NL22	: 	: 	: 	: 	: 	: 	: 	: 	: 	: 	: 	5.6 	5.2 	5.5 	4.9 	5.3 	4.3 	4.2 	4.7 	4.0 	4.2 	3.6 	4.3 	3.1 	3.5 	3.3 	3.9 	4.6 	3.8 	3.9 	5.2 	3.7 	3.5 
A,RT,NL23	: 	: 	: 	: 	: 	: 	: 	: 	: 	: 	: 	6.2 	5.4 	4.4 	4.7 	7.9 	3.7 	4.8 	3.9 	4.2 	4.1 	5.3 	4.8 	5.3 	2.4 	3.2 	4.2 	2.6 	4.6 	3.7 	2.5 	4.6 	3.1 
A,RT,NL3	: 	: 	: 	: 	: 	: 	: 	: 	: 	: 	: 	5.2 	4.9 	4.5 	4.4 	4.8 	4.1 	4.0 	3.5 	3.8 	3.4 	3.2 	3.5 	3.6 	3.7 	3.1 	3.3 	3.5 	3.4 	3.5 	3.6 	3.4 	3.1 
A,RT,NL31	: 	: 	: 	: 	: 	: 	: 	: 	: 	: 	: 	5.2 	4.8 	6.3 	5.6 	5.2 	4.7 	3.8 	3.4 	3.1 	3.3 	3.0 	3.4 	3.2 	4.5 	3.0 	4.2 	4.3 	3.3 	3.1 	3.8 	3.1 	3.2 
A,RT,NL32	: 	: 	: 	: 	: 	: 	: 	: 	: 	: 	: 	5.9 	4.9 	3.6 	3.8 	4.7 	4.1 	4.0 	3.5 	4.5 	3.2 	3.9 	3.7 	3.8 	4.3 	3.3 	3.7 	4.0 	3.4 	3.4 	3.5 	3.4 	3.0 
A,RT,NL33	: 	: 	: 	: 	: 	: 	: 	: 	: 	: 	: 	4.6 	5.1 	4.6 	4.3 	4.9 	4.1 	4.3 	3.7 	3.6 	3.5 	2.9 	3.4 	3.6 	3.1 	3.1 	2.7 	2.8 	3.5 	3.7 	3.5 	3.5 	3.3 
A,RT,NL34	: 	: 	: 	: 	: 	: 	: 	: 	: 	: 	: 	5.3 	4.0 	4.3 	5.1 	4.1 	2.1 	2.4 	2.3 	2.1 	3.2 	2.7 	3.0 	3.4 	1.9 	1.9 	4.0 	2.9 	3.3 	3.5 	3.5 	2.8 	2.0 
A,RT,NL4	: 	: 	: 	: 	: 	: 	: 	: 	: 	: 	: 	5.4 	4.7 	5.0 	3.8 	4.4 	4.7 	3.6 	4.0 	3.6 	3.7 	3.8 	3.2 	3.5 	3.3 	3.0 	3.2 	3.2 	3.0 	4.1 	3.9 	3.0 	3.1 
A,RT,NL41	: 	: 	: 	: 	: 	: 	: 	: 	: 	: 	: 	5.3 	4.1 	5.0 	3.8 	4.3 	4.5 	3.6 	4.1 	3.4 	3.5 	3.5 	2.8 	3.4 	3.3 	2.9 	3.1 	3.0 	3.2 	4.0 	4.1 	2.9 	3.1 
A,RT,NL42	: 	: 	: 	: 	: 	: 	: 	: 	: 	: 	: 	5.7 	6.1 	4.8 	3.9 	4.8 	5.5 	3.4 	3.7 	4.1 	4.4 	4.6 	4.3 	3.7 	3.2 	3.2 	3.6 	3.9 	2.5 	4.5 	3.5 	3.2 	3.4 
A,RT,NO	6.9 	6.2 	5.8 	5.0 	5.2 	4.0 	4.0 	4.1 	4.0 	3.9 	3.8 	3.9 	3.5 	3.4 	3.2 	3.1 	3.2 	3.1 	2.7 	3.1 	2.8 	2.3 	2.5 	2.4 	2.4 	2.3 	2.2 	2.3 	2.3 	2.1 	1.7 	1.9 	1.9 
A,RT,NO0	6.9 	6.2 	5.8 	5.0 	5.2 	4.0 	4.0 	4.1 	4.0 	3.9 	3.8 	3.9 	3.5 	3.4 	3.2 	3.1 	3.2 	3.1 	2.7 	3.1 	2.8 	2.3 	2.5 	2.4 	2.4 	2.3 	2.2 	2.3 	2.3 	2.1 	1.7 	1.9 	1.9 
A,RT,NO01	7.5 	5.6 	4.8 	5.0 	5.7 	3.6 	4.4 	2.8 	2.8 	3.7 	3.0 	3.6 	3.4 	4.0 	3.5 	2.6 	3.3 	2.4 	3.0 	2.8 	2.5 	1.9 	2.1 	2.3 	2.5 	2.5 	1.8 	1.9 	1.6 	1.5 	: 	: 	: 
A,RT,NO02	5.9 	8.8 	6.0 	4.5 	6.4 	6.0 	4.4 	5.0 	3.5 	3.0 	5.1 	5.4 	6.6 	3.6 	3.0 	2.0 	2.5 	2.6 	2.7 	4.0 	2.7 	1.7 	4.1 	1.5 	2.3 	2.1 	3.0 	1.5 	1.3 	2.2 	2.1 	0.3 	2.7 
A,RT,NO03	6.2 	6.2 	4.8 	4.4 	6.0 	3.1 	3.3 	4.0 	5.3 	4.2 	3.8 	4.2 	3.2 	2.9 	4.2 	3.8 	2.4 	3.3 	2.3 	3.4 	3.1 	2.3 	2.2 	2.3 	1.4 	1.9 	2.2 	2.2 	1.8 	2.1 	: 	: 	: 
A,RT,NO04	7.0 	5.1 	6.7 	5.4 	5.3 	3.5 	3.3 	4.2 	3.9 	4.8 	5.0 	4.5 	3.5 	3.0 	3.1 	2.6 	3.4 	3.2 	2.2 	3.5 	3.6 	2.9 	2.5 	2.2 	3.3 	1.9 	2.1 	2.3 	3.5 	2.3 	: 	: 	: 
A,RT,NO05	6.5 	5.7 	5.7 	5.2 	3.4 	3.9 	3.2 	3.8 	3.8 	3.4 	3.5 	2.7 	3.3 	3.3 	2.6 	4.5 	3.5 	2.7 	2.3 	2.8 	2.5 	2.4 	2.5 	2.8 	3.1 	2.8 	3.0 	3.2 	2.6 	1.6 	: 	: 	: 
A,RT,NO06	7.1 	6.9 	7.1 	5.4 	3.6 	4.2 	3.4 	5.9 	3.3 	3.9 	1.7 	3.4 	2.5 	4.2 	1.2 	1.8 	3.0 	3.6 	3.2 	3.8 	2.1 	2.3 	2.2 	2.1 	1.2 	1.4 	1.4 	2.9 	3.2 	1.9 	2.2 	2.0 	2.4 
A,RT,NO07	7.7 	7.6 	6.6 	5.4 	6.3 	6.1 	7.0 	5.8 	5.6 	4.2 	5.3 	5.2 	3.1 	2.3 	4.4 	3.2 	4.0 	5.0 	3.7 	2.0 	3.0 	2.5 	3.6 	3.2 	2.1 	2.6 	1.8 	1.9 	3.1 	4.7 	0.9 	1.3 	1.2 
A,RT,NO08	: 	: 	: 	: 	: 	: 	: 	: 	: 	: 	: 	: 	: 	: 	: 	: 	: 	: 	: 	: 	: 	: 	: 	: 	: 	: 	: 	: 	: 	: 	1.4 	1.9 	2.1 
A,RT,NO09	: 	: 	: 	: 	: 	: 	: 	: 	: 	: 	: 	: 	: 	: 	: 	: 	: 	: 	: 	: 	: 	: 	: 	: 	: 	: 	: 	: 	: 	: 	1.6 	2.8 	1.7 
A,RT,NO0A	: 	: 	: 	: 	: 	: 	: 	: 	: 	: 	: 	: 	: 	: 	: 	: 	: 	: 	: 	: 	: 	: 	: 	: 	: 	: 	: 	: 	: 	: 	2.4 	1.8 	1.5 
A,RT,PL	19.4 	18.2 	17.5 	16.2 	15.1 	13.6 	12.2 	10.2 	9.5 	8.9 	8.1 	7.7 	7.5 	7.0 	6.8 	6.4 	6.0 	6.0 	5.6 	5.6 	5.0 	4.7 	4.6 	4.6 	4.2 	4.0 	4.0 	4.0 	3.8 	3.8 	3.6 	3.9 	3.8 
A,RT,PL2	18.3 	18.0 	17.3 	13.4 	16.1 	13.9 	12.8 	10.9 	9.9 	9.3 	8.9 	: 	8.2 	6.8 	7.1 	6.7 	6.5 	6.6 	6.0 	6.2 	5.2 	5.3 	4.4 	4.5 	4.1 	3.8 	3.9 	3.9 	3.4 	3.9 	3.6 	3.7 	3.8 
A,RT,PL21	15.4 	15.8 	15.7 	12.6 	13.4 	12.9 	11.5 	10.2 	8.4 	7.8 	7.4 	: 	6.8 	5.4 	6.0 	5.8 	5.4 	6.4 	4.9 	5.0 	4.5 	4.3 	3.8 	3.8 	3.2 	2.8 	3.4 	3.7 	2.9 	3.1 	3.5 	3.0 	2.8 
A,RT,PL22	20.7 	19.8 	18.6 	14.1 	18.2 	14.6 	13.8 	11.6 	11.0 	10.6 	10.1 	: 	9.3 	7.8 	7.9 	7.4 	7.3 	6.7 	6.8 	7.2 	5.7 	6.0 	4.8 	5.1 	4.9 	4.7 	4.4 	4.0 	3.9 	4.6 	3.6 	4.4 	4.8 
A,RT,PL4	20.2 	18.8 	17.8 	13.5 	15.2 	13.6 	11.5 	10.2 	8.8 	9.0 	8.3 	: 	7.0 	7.0 	7.5 	6.2 	6.3 	6.8 	5.4 	5.9 	4.8 	4.6 	4.9 	4.8 	4.5 	4.2 	4.6 	4.1 	4.1 	3.4 	3.4 	3.6 	3.7 
A,RT,PL41	18.9 	19.0 	17.5 	12.7 	15.5 	12.6 	11.2 	10.4 	8.8 	8.4 	7.8 	: 	7.0 	6.3 	7.1 	5.9 	6.1 	6.7 	5.6 	5.4 	4.4 	3.7 	4.5 	4.5 	4.3 	4.5 	4.1 	3.9 	4.1 	3.2 	3.3 	3.8 	3.5 
A,RT,PL42	21.1 	18.1 	17.3 	14.3 	14.9 	16.7 	12.8 	10.0 	8.5 	9.9 	9.0 	: 	6.7 	7.8 	7.8 	7.1 	6.6 	7.4 	5.1 	6.7 	5.2 	6.1 	5.2 	5.0 	5.3 	3.6 	4.9 	4.5 	3.9 	3.9 	3.8 	3.7 	4.4 
A,RT,PL43	23.1 	19.2 	19.6 	15.1 	15.0 	11.6 	10.5 	9.5 	9.3 	9.6 	8.6 	: 	7.4 	8.2 	8.3 	6.2 	6.5 	6.0 	5.4 	6.3 	5.4 	5.6 	6.0 	5.6 	3.8 	4.1 	5.9 	4.7 	4.2 	3.2 	3.1 	3.2 	3.5 
A,RT,PL5	19.8 	18.8 	18.9 	15.7 	15.7 	14.8 	13.2 	10.1 	9.5 	10.3 	8.6 	: 	8.6 	7.5 	7.2 	6.4 	6.5 	6.3 	7.0 	6.1 	5.9 	5.2 	6.2 	4.9 	4.6 	3.9 	4.0 	4.1 	4.0 	4.3 	3.7 	4.4 	3.6 
A,RT,PL51	19.6 	18.2 	18.6 	15.6 	15.9 	15.3 	13.5 	10.7 	10.0 	11.1 	9.5 	: 	9.8 	8.3 	8.1 	6.9 	6.9 	6.9 	7.4 	6.5 	6.1 	5.6 	6.3 	5.1 	4.6 	3.8 	3.8 	4.3 	4.2 	4.5 	3.5 	4.5 	3.9 
A,RT,PL52	20.3 	20.2 	19.9 	15.9 	15.1 	13.4 	12.4 	8.4 	8.1 	8.2 	6.0 	: 	5.3 	5.2 	4.3 	4.9 	5.4 	4.4 	5.9 	5.0 	5.2 	3.8 	6.2 	4.3 	4.7 	4.1 	4.6 	3.4 	3.3 	3.7 	4.0 	4.0 	2.4 
A,RT,PL6	20.1 	19.8 	19.4 	13.5 	16.5 	13.8 	12.3 	9.7 	10.2 	7.8 	8.0 	: 	7.4 	7.2 	6.4 	6.3 	5.4 	6.0 	5.5 	5.5 	5.0 	4.9 	4.5 	4.7 	4.1 	3.9 	4.2 	4.3 	4.0 	4.1 	3.9 	4.7 	4.7 
A,RT,PL61	23.1 	22.5 	22.6 	16.1 	18.5 	14.4 	13.8 	11.3 	12.1 	9.1 	8.7 	: 	8.5 	7.9 	7.4 	6.6 	5.7 	6.1 	5.8 	6.4 	5.8 	6.0 	4.8 	4.4 	4.6 	4.1 	4.4 	5.1 	3.9 	4.9 	4.0 	5.6 	5.0 
A,RT,PL62	17.2 	18.0 	17.4 	11.7 	13.0 	13.1 	10.9 	8.2 	9.1 	5.6 	7.5 	: 	5.1 	6.3 	4.5 	6.4 	5.0 	5.4 	5.1 	5.0 	4.8 	4.7 	4.1 	5.9 	4.8 	4.0 	5.0 	4.2 	4.2 	4.0 	3.7 	4.8 	4.6 
A,RT,PL63	19.3 	18.7 	17.8 	12.2 	17.1 	13.9 	11.9 	9.1 	9.2 	7.9 	7.7 	: 	7.9 	7.2 	6.6 	6.0 	5.5 	6.4 	5.5 	5.0 	4.5 	4.1 	4.4 	4.3 	3.3 	3.7 	3.6 	3.8 	4.0 	3.6 	4.0 	4.1 	4.6 
A,RT,PL7	: 	: 	: 	: 	: 	: 	: 	: 	: 	: 	: 	: 	: 	: 	: 	: 	: 	: 	: 	: 	: 	: 	: 	4.7 	3.9 	4.5 	3.9 	4.1 	4.2 	3.5 	3.4 	3.3 	3.9 
A,RT,PL71	: 	: 	: 	: 	: 	: 	: 	: 	: 	: 	: 	: 	: 	: 	: 	: 	: 	: 	: 	: 	: 	: 	: 	4.7 	4.4 	4.8 	3.8 	4.6 	4.4 	3.8 	3.1 	3.6 	4.0 
A,RT,PL72	: 	: 	: 	: 	: 	: 	: 	: 	: 	: 	: 	: 	: 	: 	: 	: 	: 	: 	: 	: 	: 	: 	: 	4.9 	3.1 	3.8 	4.2 	2.8 	3.8 	2.8 	4.2 	2.6 	3.7 
A,RT,PL8	: 	: 	: 	: 	: 	: 	: 	: 	: 	: 	: 	: 	: 	: 	: 	: 	: 	: 	: 	: 	: 	: 	: 	4.6 	4.6 	4.1 	3.9 	4.1 	4.2 	4.1 	4.0 	4.4 	4.1 
A,RT,PL81	: 	: 	: 	: 	: 	: 	: 	: 	: 	: 	: 	: 	: 	: 	: 	: 	: 	: 	: 	: 	: 	: 	: 	4.6 	4.2 	3.8 	3.5 	4.6 	4.2 	4.5 	3.9 	4.6 	4.3 
A,RT,PL82	: 	: 	: 	: 	: 	: 	: 	: 	: 	: 	: 	: 	: 	: 	: 	: 	: 	: 	: 	: 	: 	: 	: 	4.5 	5.0 	4.1 	4.5 	3.3 	4.2 	4.0 	4.3 	4.1 	3.9 
A,RT,PL84	: 	: 	: 	: 	: 	: 	: 	: 	: 	: 	: 	: 	: 	: 	: 	: 	: 	: 	: 	: 	: 	: 	: 	4.6 	4.5 	4.5 	3.3 	4.7 	4.2 	3.7 	3.4 	4.7 	3.9 
A,RT,PL9	: 	: 	: 	: 	: 	: 	: 	: 	: 	: 	: 	: 	: 	: 	: 	: 	: 	: 	: 	: 	: 	: 	: 	3.9 	3.7 	3.8 	3.3 	3.4 	3.4 	3.2 	3.2 	3.4 	3.1 
A,RT,PL91	: 	: 	: 	: 	: 	: 	: 	: 	: 	: 	: 	: 	: 	: 	: 	: 	: 	: 	: 	: 	: 	: 	: 	3.0 	3.7 	3.7 	3.0 	3.2 	3.2 	2.8 	2.8 	3.3 	2.9 
A,RT,PL92	: 	: 	: 	: 	: 	: 	: 	: 	: 	: 	: 	: 	: 	: 	: 	: 	: 	: 	: 	: 	: 	: 	: 	5.0 	3.8 	4.0 	3.6 	3.7 	3.6 	3.7 	3.8 	3.6 	3.3 
A,RT,PT	10.9 	10.8 	9.2 	8.6 	7.9 	7.4 	6.8 	6.4 	6.0 	5.6 	5.5 	5.0 	5.0 	4.1 	3.8 	3.5 	3.3 	3.4 	3.3 	3.6 	2.5 	3.1 	3.4 	2.9 	2.9 	2.9 	3.2 	2.7 	3.3 	2.8 	2.4 	2.4 	2.6 
A,RT,PT1	10.7 	10.7 	8.8 	8.4 	7.8 	7.3 	6.6 	6.2 	5.8 	5.4 	5.3 	4.8 	4.9 	4.1 	3.8 	3.4 	3.3 	3.4 	3.3 	3.6 	2.5 	3.1 	3.3 	2.9 	2.8 	2.9 	3.3 	2.6 	3.3 	2.9 	2.4 	2.4 	2.6 
A,RT,PT11	13.1 	12.5 	10.1 	9.1 	8.1 	8.4 	7.8 	7.1 	6.4 	6.5 	5.8 	5.9 	5.4 	4.2 	4.0 	3.8 	3.1 	3.5 	2.6 	3.3 	2.1 	3.1 	2.8 	2.8 	2.7 	2.6 	3.4 	2.0 	2.8 	2.5 	2.2 	2.1 	2.4 
A,RT,PT15	11.3 	9.2 	9.1 	6.4 	8.0 	7.3 	5.4 	6.0 	8.1 	4.9 	5.5 	4.3 	5.1 	4.5 	4.2 	3.6 	5.0 	3.9 	3.2 	2.5 	1.9 	2.6 	4.8 	2.7 	2.9 	2.2 	2.6 	2.4 	4.2 	2.7 	3.2 	1.7 	2.0 
A,RT,PT16	9.0 	9.4 	7.4 	7.9 	7.7 	5.9 	5.1 	5.4 	4.7 	4.7 	4.5 	3.9 	3.9 	3.9 	3.2 	2.8 	3.0 	2.8 	3.6 	2.5 	1.9 	2.6 	3.7 	2.1 	2.6 	2.7 	2.2 	2.8 	2.4 	2.3 	2.5 	2.3 	2.5 
A,RT,PT17	8.7 	9.5 	8.3 	8.1 	7.4 	6.7 	6.4 	6.1 	5.8 	4.8 	5.0 	4.4 	5.2 	3.6 	3.9 	3.3 	3.4 	3.5 	3.7 	4.5 	3.3 	3.6 	3.5 	3.4 	3.1 	3.1 	3.8 	3.1 	4.1 	3.5 	2.1 	2.9 	2.6 
A,RT,PT18	8.9 	9.2 	7.6 	7.7 	7.7 	7.2 	5.0 	4.8 	5.1 	3.9 	5.3 	3.7 	4.4 	5.2 	3.4 	3.5 	3.1 	3.7 	3.8 	4.6 	2.2 	2.3 	2.7 	3.4 	2.5 	3.6 	3.7 	3.4 	3.5 	3.0 	3.2 	1.9 	4.1 
A,RT,PT2	14.1 	13.3 	16.3 	10.8 	8.2 	8.9 	7.9 	10.6 	4.9 	9.5 	8.1 	5.1 	6.5 	2.9 	6.0 	6.3 	3.9 	3.2 	4.6 	5.4 	5.5 	2.9 	6.0 	4.7 	3.5 	4.4 	1.8 	2.3 	4.0 	2.3 	4.8 	2.4 	2.9 
A,RT,PT20	14.1 	13.3 	16.3 	10.8 	8.2 	8.9 	7.9 	10.6 	4.9 	9.5 	8.1 	5.1 	6.5 	2.9 	6.0 	6.3 	3.9 	3.2 	4.6 	5.4 	5.5 	2.9 	6.0 	4.7 	3.5 	4.4 	1.8 	2.3 	4.0 	2.3 	4.8 	2.4 	2.9 
A,RT,PT3	12.1 	10.4 	11.2 	14.1 	10.8 	10.8 	11.9 	6.7 	10.4 	5.2 	8.1 	8.2 	5.8 	7.9 	3.7 	3.4 	4.1 	4.8 	1.1 	3.4 	2.0 	3.3 	2.4 	2.7 	4.6 	3.6 	2.7 	3.6 	2.1 	2.6 	3.2 	3.4 	1.7 
A,RT,PT30	12.1 	10.4 	11.2 	14.1 	10.8 	10.8 	11.9 	6.7 	10.4 	5.2 	8.1 	8.2 	5.8 	7.9 	3.7 	3.4 	4.1 	4.8 	1.1 	3.4 	2.0 	3.3 	2.4 	2.7 	4.6 	3.6 	2.7 	3.6 	2.1 	2.6 	3.2 	3.4 	1.7 
A,RT,RO	26.9 	22.7 	23.3 	23.3 	23.9 	21.2 	22.3 	22.0 	20.5 	18.6 	18.6 	18.4 	17.3 	16.7 	16.8 	15.0 	13.9 	12.0 	11.0 	10.1 	9.8 	9.4 	9.0 	8.9 	8.2 	7.5 	7.0 	6.5 	6.0 	5.8 	5.6 	5.2 	5.7 
A,RT,RO1	: 	: 	: 	: 	: 	: 	: 	20.1 	19.0 	18.4 	16.7 	15.9 	16.2 	14.6 	16.3 	13.7 	13.4 	12.1 	10.7 	10.1 	8.8 	9.4 	8.3 	8.6 	7.9 	7.8 	7.2 	6.7 	6.7 	6.5 	7.0 	6.0 	6.3 
A,RT,RO11	: 	: 	: 	: 	: 	: 	: 	21.8 	19.7 	19.7 	17.3 	16.5 	16.7 	14.2 	15.8 	13.5 	14.1 	11.8 	10.9 	10.2 	8.9 	8.7 	8.4 	8.6 	7.4 	7.8 	7.1 	6.6 	7.0 	6.3 	6.7 	5.8 	6.4 
A,RT,RO12	: 	: 	: 	: 	: 	: 	: 	18.2 	18.2 	16.9 	16.1 	15.2 	15.6 	15.1 	16.8 	14.0 	12.6 	12.5 	10.5 	10.0 	8.7 	10.1 	8.3 	8.6 	8.4 	7.8 	7.4 	6.9 	6.3 	6.8 	7.4 	6.2 	6.3 
A,RT,RO2	: 	: 	: 	: 	: 	: 	: 	24.8 	22.9 	20.6 	21.5 	21.7 	20.2 	19.4 	18.3 	16.9 	14.8 	13.6 	11.9 	10.9 	11.5 	10.6 	10.6 	9.9 	9.3 	7.9 	8.0 	6.9 	7.0 	6.4 	5.5 	5.9 	6.4 
A,RT,RO21	: 	: 	: 	: 	: 	: 	: 	26.3 	23.4 	20.9 	23.0 	22.8 	20.6 	20.1 	18.6 	17.2 	15.3 	14.2 	11.1 	11.1 	11.2 	10.1 	9.9 	9.7 	8.7 	7.7 	7.3 	6.4 	6.9 	5.1 	5.3 	5.7 	6.2 
A,RT,RO22	: 	: 	: 	: 	: 	: 	: 	22.5 	22.2 	20.1 	19.1 	20.0 	19.5 	18.2 	17.7 	16.5 	13.9 	12.7 	13.0 	10.5 	12.0 	11.3 	11.6 	10.3 	10.3 	8.1 	9.0 	7.6 	7.0 	8.5 	5.9 	6.2 	6.7 
A,RT,RO3	: 	: 	: 	: 	: 	: 	: 	20.5 	19.3 	17.4 	17.1 	18.0 	14.9 	16.0 	14.8 	13.6 	13.0 	9.7 	9.8 	8.7 	8.7 	8.3 	7.4 	7.6 	7.3 	6.3 	5.8 	5.6 	4.7 	4.0 	4.0 	3.7 	4.1 
A,RT,RO31	: 	: 	: 	: 	: 	: 	: 	23.2 	21.6 	19.6 	19.3 	21.1 	17.4 	19.3 	17.9 	16.5 	15.7 	11.4 	12.0 	10.6 	10.9 	10.3 	9.9 	8.6 	9.6 	7.3 	7.3 	6.7 	6.1 	5.2 	5.2 	4.9 	5.7 
A,RT,RO32	: 	: 	: 	: 	: 	: 	: 	14.9 	14.6 	12.9 	12.9 	12.1 	10.3 	10.4 	10.0 	9.5 	9.3 	7.2 	7.0 	6.4 	6.0 	5.7 	4.4 	6.4 	4.7 	5.1 	4.1 	4.4 	3.4 	2.7 	2.9 	2.5 	2.7 
A,RT,RO4	: 	: 	: 	: 	: 	: 	: 	21.2 	19.5 	16.7 	17.6 	16.2 	16.6 	15.3 	17.6 	15.0 	14.3 	12.1 	11.3 	10.9 	9.8 	9.1 	9.5 	9.4 	8.1 	8.0 	6.7 	6.9 	5.5 	6.3 	5.9 	5.4 	6.0 
A,RT,RO41	: 	: 	: 	: 	: 	: 	: 	21.1 	20.8 	17.2 	17.1 	15.2 	16.2 	15.1 	18.5 	16.0 	16.1 	12.0 	11.3 	11.1 	9.3 	9.3 	9.9 	10.2 	8.5 	8.7 	7.0 	6.8 	5.9 	6.6 	7.0 	6.1 	5.9 
A,RT,RO42	: 	: 	: 	: 	: 	: 	: 	21.3 	17.8 	16.0 	18.3 	17.3 	17.1 	15.6 	16.7 	13.9 	12.4 	12.2 	11.4 	10.6 	10.4 	8.9 	9.1 	8.4 	7.6 	7.4 	6.4 	7.0 	5.1 	6.0 	4.8 	4.7 	6.0 
A,RT,RS	: 	: 	: 	: 	: 	: 	: 	: 	11.6 	11.0 	10.6 	10.2 	10.1 	9.0 	8.1 	8.0 	7.4 	7.1 	6.7 	7.0 	6.7 	6.3 	6.2 	6.3 	5.7 	5.3 	5.4 	4.7 	4.9 	4.8 	5.0 	4.7 	4.0 
A,RT,RS1	: 	: 	: 	: 	: 	: 	: 	: 	: 	: 	: 	: 	: 	: 	: 	: 	: 	: 	: 	: 	: 	: 	: 	: 	: 	: 	: 	4.2 	3.9 	4.1 	4.1 	3.6 	4.2 
A,RT,RS11	: 	: 	: 	: 	: 	: 	: 	: 	: 	: 	: 	: 	: 	: 	: 	: 	: 	: 	: 	: 	: 	: 	: 	: 	: 	: 	: 	4.1 	4.1 	3.6 	3.0 	3.0 	3.8 
A,RT,RS12	: 	: 	: 	: 	: 	: 	: 	: 	: 	: 	: 	: 	: 	: 	: 	: 	: 	: 	: 	: 	: 	: 	: 	: 	: 	: 	: 	4.4 	3.8 	4.5 	5.2 	4.4 	4.5 
A,RT,RS2	: 	: 	: 	: 	: 	: 	: 	: 	: 	: 	: 	: 	: 	: 	: 	: 	: 	: 	: 	: 	: 	: 	: 	: 	: 	: 	: 	5.3 	6.0 	5.6 	6.1 	6.0 	3.8 
A,RT,RS21	: 	: 	: 	: 	: 	: 	: 	: 	: 	: 	: 	: 	: 	: 	: 	: 	: 	: 	: 	: 	: 	: 	: 	: 	: 	: 	: 	4.9 	4.8 	5.3 	4.9 	5.3 	3.2 
A,RT,RS22	: 	: 	: 	: 	: 	: 	: 	: 	: 	: 	: 	: 	: 	: 	: 	: 	: 	: 	: 	: 	: 	: 	: 	: 	: 	: 	: 	5.7 	7.6 	6.0 	7.9 	7.0 	4.6 
A,RT,SE	6.0 	6.2 	5.3 	4.8 	4.4 	4.1 	4.0 	3.6 	3.5 	3.4 	3.4 	3.7 	3.3 	3.1 	3.1 	2.4 	2.8 	2.5 	2.5 	2.5 	2.5 	2.1 	2.6 	2.7 	2.2 	2.5 	2.5 	2.4 	2.0 	2.1 	2.4 	1.8 	2.2 
A,RT,SE1	6.1 	5.8 	5.0 	4.9 	4.6 	4.3 	3.9 	3.7 	4.0 	3.5 	3.4 	3.6 	3.4 	2.9 	2.7 	2.5 	2.7 	2.3 	2.6 	2.5 	2.3 	1.9 	2.4 	2.7 	1.9 	2.2 	2.1 	2.4 	2.0 	1.7 	2.7 	1.8 	2.6 
A,RT,SE11	6.4 	5.4 	4.9 	5.2 	4.6 	4.2 	3.5 	3.0 	3.9 	3.3 	3.4 	3.0 	2.9 	2.7 	2.5 	2.4 	2.9 	2.2 	2.5 	1.9 	2.1 	1.7 	2.2 	2.5 	1.4 	2.1 	2.0 	2.2 	2.0 	1.3 	2.3 	1.5 	2.2 
A,RT,SE12	5.9 	6.3 	5.2 	4.6 	4.6 	4.4 	4.5 	4.6 	4.1 	3.7 	3.4 	4.4 	4.2 	3.3 	3.1 	2.7 	2.5 	2.5 	2.9 	3.4 	2.7 	2.2 	2.8 	3.1 	2.8 	2.3 	2.3 	2.7 	2.1 	2.3 	3.2 	2.2 	3.2 
A,RT,SE2	5.6 	6.1 	5.7 	4.8 	4.2 	3.9 	4.1 	3.7 	3.0 	3.4 	3.0 	3.9 	2.9 	3.1 	3.5 	2.5 	2.6 	2.6 	2.5 	2.6 	2.7 	2.3 	2.5 	2.6 	2.3 	2.5 	2.8 	2.4 	1.8 	2.3 	2.3 	1.9 	1.8 
A,RT,SE21	4.7 	6.8 	5.8 	4.9 	4.8 	3.7 	3.8 	3.4 	4.2 	4.2 	4.6 	5.1 	4.2 	3.5 	3.4 	2.7 	3.5 	4.1 	3.4 	2.9 	2.4 	3.2 	2.6 	3.1 	2.3 	2.8 	2.9 	2.9 	2.0 	2.7 	3.0 	2.5 	1.7 
A,RT,SE22	5.4 	5.8 	5.5 	5.3 	4.3 	3.3 	3.8 	4.1 	2.9 	3.6 	2.7 	3.9 	2.6 	3.1 	2.8 	2.5 	2.1 	2.7 	2.2 	2.3 	2.7 	2.3 	3.0 	2.2 	2.8 	2.7 	3.0 	2.4 	2.1 	2.1 	2.6 	1.9 	2.3 
A,RT,SE23	6.1 	6.0 	5.7 	4.5 	3.9 	4.3 	4.4 	3.5 	2.7 	2.9 	2.6 	3.5 	2.6 	2.9 	4.1 	2.3 	2.6 	2.0 	2.3 	2.7 	2.7 	1.9 	2.1 	2.7 	1.9 	2.1 	2.6 	2.2 	1.5 	2.3 	1.8 	1.7 	1.4 
A,RT,SE3	6.5 	6.9 	5.3 	4.7 	4.6 	4.4 	3.8 	3.4 	3.8 	3.2 	4.4 	3.2 	3.9 	3.6 	3.1 	2.1 	3.6 	2.7 	2.1 	2.2 	2.9 	2.2 	3.2 	3.0 	2.5 	3.1 	2.6 	2.5 	2.6 	2.3 	1.9 	1.8 	2.2 
A,RT,SE31	5.8 	7.3 	6.2 	5.5 	4.3 	4.4 	4.4 	3.4 	4.5 	2.6 	4.0 	4.0 	3.9 	3.2 	2.6 	2.7 	3.9 	2.2 	1.6 	2.3 	2.6 	1.9 	3.5 	3.2 	3.0 	3.2 	3.4 	3.1 	3.2 	2.2 	1.9 	2.0 	2.5 
A,RT,SE32	6.3 	6.8 	4.9 	3.6 	4.2 	3.9 	1.7 	4.0 	2.1 	3.0 	3.1 	1.2 	3.7 	3.0 	4.2 	1.7 	5.6 	2.4 	1.5 	2.4 	2.3 	2.4 	2.5 	3.0 	2.1 	2.1 	1.5 	1.0 	0.8 	2.9 	2.5 	1.1 	1.6 
A,RT,SE33	7.7 	6.2 	4.1 	4.0 	5.4 	4.8 	4.3 	2.9 	4.0 	4.2 	5.8 	3.3 	4.2 	4.6 	3.0 	1.4 	1.9 	3.5 	3.2 	2.1 	3.8 	2.6 	3.3 	2.8 	1.9 	3.8 	2.0 	2.4 	2.8 	2.0 	1.3 	2.1 	2.1 
A,RT,SI	8.4 	8.2 	8.9 	6.8 	6.5 	5.5 	4.7 	5.2 	5.2 	4.5 	4.9 	4.2 	3.8 	4.0 	3.7 	4.1 	3.4 	2.8 	2.4 	2.4 	2.5 	2.9 	1.6 	2.9 	1.8 	1.6 	2.0 	2.1 	1.7 	2.1 	2.2 	1.8 	2.5 
A,RT,SI0	8.4 	8.2 	8.9 	6.8 	6.5 	5.5 	4.7 	5.2 	5.2 	4.5 	4.9 	4.2 	3.8 	4.0 	3.7 	4.1 	3.4 	2.8 	2.4 	2.4 	2.5 	2.9 	1.6 	2.9 	1.8 	1.6 	2.0 	2.1 	1.7 	2.1 	2.2 	1.8 	2.5 
A,RT,SI03	: 	: 	: 	: 	: 	: 	: 	: 	: 	: 	: 	: 	: 	5.3 	4.4 	4.4 	4.2 	3.6 	3.0 	2.7 	2.1 	3.5 	1.5 	2.3 	1.9 	1.8 	1.8 	1.9 	1.5 	2.2 	2.2 	2.0 	2.4 
A,RT,SI04	: 	: 	: 	: 	: 	: 	: 	: 	: 	: 	: 	: 	: 	2.4 	2.9 	3.8 	2.5 	2.0 	1.8 	2.0 	2.9 	2.3 	1.7 	3.6 	1.7 	1.4 	2.2 	2.3 	1.9 	1.9 	2.2 	1.6 	2.6 
A,RT,SK	12.0 	13.2 	12.6 	10.6 	11.2 	11.0 	10.2 	8.7 	8.8 	8.3 	8.6 	6.2 	7.6 	7.9 	6.8 	7.2 	5.9 	6.1 	5.9 	5.7 	5.7 	4.9 	5.8 	5.5 	5.8 	5.1 	5.4 	4.5 	5.0 	5.1 	5.1 	4.9 	5.4 
A,RT,SK0	12.0 	13.2 	12.6 	10.6 	11.2 	11.0 	10.2 	8.7 	8.8 	8.3 	8.6 	6.2 	7.6 	7.9 	6.8 	7.2 	5.9 	6.1 	5.9 	5.7 	5.7 	4.9 	5.8 	5.5 	5.8 	5.1 	5.4 	4.5 	5.0 	5.1 	5.1 	4.9 	5.4 
A,RT,SK01	: 	: 	: 	: 	: 	: 	7.5 	9.3 	5.9 	5.3 	5.5 	4.3 	5.0 	4.9 	4.8 	4.9 	3.0 	3.3 	1.9 	3.6 	3.4 	1.9 	4.1 	2.0 	2.3 	1.6 	1.9 	2.7 	2.3 	2.8 	3.3 	2.0 	2.5 
A,RT,SK02	: 	: 	: 	: 	: 	: 	8.0 	5.8 	6.7 	6.3 	5.8 	5.3 	5.0 	5.7 	5.1 	5.0 	4.0 	3.8 	4.1 	4.2 	4.0 	3.8 	4.3 	3.5 	3.8 	3.6 	4.5 	3.1 	2.9 	2.9 	2.7 	3.4 	3.2 
A,RT,SK03	: 	: 	: 	: 	: 	: 	10.7 	8.0 	7.1 	6.7 	6.9 	5.4 	7.1 	6.6 	6.1 	5.9 	4.8 	6.1 	4.9 	4.8 	4.3 	3.7 	5.4 	4.4 	4.5 	4.2 	2.4 	3.0 	4.0 	4.3 	4.0 	4.0 	3.4 
A,RT,SK04	: 	: 	: 	: 	: 	: 	12.6 	11.6 	12.6 	11.9 	13.0 	8.1 	10.9 	11.4 	9.3 	10.8 	9.2 	9.2 	9.5 	8.2 	9.0 	7.9 	8.1 	9.6 	10.0 	8.6 	9.9 	7.7 	8.8 	8.7 	8.7 	8.1 	9.7 
A,RT,TR	: 	: 	: 	: 	: 	: 	: 	: 	: 	: 	: 	: 	: 	: 	: 	: 	: 	: 	: 	14.0 	12.2 	11.7 	11.6 	10.8 	11.1 	10.7 	10.0 	9.2 	9.3 	9.1 	: 	9.3 	9.2 
A,RT,TR1	: 	: 	: 	: 	: 	: 	: 	: 	: 	: 	: 	: 	: 	: 	: 	: 	: 	: 	: 	11.5 	9.7 	8.0 	8.6 	8.0 	8.8 	8.5 	8.1 	7.4 	7.6 	7.4 	: 	6.9 	6.9 
A,RT,TR10	: 	: 	: 	: 	: 	: 	: 	: 	: 	: 	: 	: 	: 	: 	: 	: 	: 	: 	: 	11.5 	9.7 	8.0 	8.6 	8.0 	8.8 	8.5 	8.1 	7.4 	7.6 	7.4 	: 	6.9 	6.9 
A,RT,TR2	: 	: 	: 	: 	: 	: 	: 	: 	: 	: 	: 	: 	: 	: 	: 	: 	: 	: 	: 	13.4 	10.4 	9.3 	10.6 	8.9 	8.1 	7.2 	6.6 	7.5 	6.8 	7.3 	: 	6.7 	6.0 
A,RT,TR21	: 	: 	: 	: 	: 	: 	: 	: 	: 	: 	: 	: 	: 	: 	: 	: 	: 	: 	: 	11.6 	9.2 	8.9 	7.9 	8.7 	8.9 	6.3 	6.5 	7.9 	6.9 	7.4 	: 	6.4 	6.0 
A,RT,TR22	: 	: 	: 	: 	: 	: 	: 	: 	: 	: 	: 	: 	: 	: 	: 	: 	: 	: 	: 	15.2 	11.6 	9.7 	13.5 	9.1 	7.2 	8.3 	6.6 	7.0 	6.5 	7.3 	: 	7.0 	6.0 
A,RT,TR3	: 	: 	: 	: 	: 	: 	: 	: 	: 	: 	: 	: 	: 	: 	: 	: 	: 	: 	: 	14.4 	11.6 	11.3 	11.6 	8.7 	8.9 	9.1 	8.6 	7.8 	8.4 	8.1 	: 	8.2 	8.5 
A,RT,TR31	: 	: 	: 	: 	: 	: 	: 	: 	: 	: 	: 	: 	: 	: 	: 	: 	: 	: 	: 	13.3 	9.8 	10.9 	11.0 	7.1 	9.1 	8.8 	7.2 	6.8 	7.1 	7.5 	: 	7.9 	8.9 
A,RT,TR32	: 	: 	: 	: 	: 	: 	: 	: 	: 	: 	: 	: 	: 	: 	: 	: 	: 	: 	: 	13.8 	11.8 	11.5 	10.6 	8.5 	8.1 	8.4 	8.6 	7.3 	8.6 	7.9 	: 	7.6 	8.0 
A,RT,TR33	: 	: 	: 	: 	: 	: 	: 	: 	: 	: 	: 	: 	: 	: 	: 	: 	: 	: 	: 	16.1 	13.4 	11.7 	13.4 	10.9 	9.5 	10.0 	10.2 	9.6 	10.0 	9.2 	: 	9.3 	8.4 
A,RT,TR4	: 	: 	: 	: 	: 	: 	: 	: 	: 	: 	: 	: 	: 	: 	: 	: 	: 	: 	: 	12.8 	10.0 	9.8 	9.7 	8.4 	8.7 	8.1 	8.1 	7.2 	7.8 	7.1 	: 	7.5 	6.5 
A,RT,TR41	: 	: 	: 	: 	: 	: 	: 	: 	: 	: 	: 	: 	: 	: 	: 	: 	: 	: 	: 	13.0 	9.6 	9.9 	8.8 	8.3 	8.8 	7.9 	8.6 	6.7 	7.3 	6.3 	: 	6.8 	5.9 
A,RT,TR42	: 	: 	: 	: 	: 	: 	: 	: 	: 	: 	: 	: 	: 	: 	: 	: 	: 	: 	: 	12.6 	10.5 	9.7 	10.6 	8.5 	8.5 	8.3 	7.7 	7.8 	8.2 	7.7 	: 	8.1 	7.0 
A,RT,TR5	: 	: 	: 	: 	: 	: 	: 	: 	: 	: 	: 	: 	: 	: 	: 	: 	: 	: 	: 	13.4 	11.7 	11.2 	10.3 	9.2 	8.1 	8.3 	7.8 	7.9 	8.1 	7.6 	: 	7.7 	7.5 
A,RT,TR51	: 	: 	: 	: 	: 	: 	: 	: 	: 	: 	: 	: 	: 	: 	: 	: 	: 	: 	: 	10.3 	8.5 	9.3 	8.5 	7.9 	7.0 	7.5 	6.9 	7.1 	7.6 	7.5 	: 	7.3 	7.3 
A,RT,TR52	: 	: 	: 	: 	: 	: 	: 	: 	: 	: 	: 	: 	: 	: 	: 	: 	: 	: 	: 	19.0 	17.3 	14.8 	13.7 	11.6 	10.3 	9.9 	9.5 	9.5 	9.2 	7.9 	: 	8.3 	7.8 
A,RT,TR6	: 	: 	: 	: 	: 	: 	: 	: 	: 	: 	: 	: 	: 	: 	: 	: 	: 	: 	: 	13.7 	12.2 	12.2 	12.0 	11.6 	11.6 	10.9 	10.2 	9.2 	9.0 	8.9 	: 	8.9 	9.0 
A,RT,TR61	: 	: 	: 	: 	: 	: 	: 	: 	: 	: 	: 	: 	: 	: 	: 	: 	: 	: 	: 	12.3 	11.3 	9.3 	9.9 	8.3 	9.3 	8.9 	8.1 	7.7 	7.4 	7.0 	: 	7.3 	6.9 
A,RT,TR62	: 	: 	: 	: 	: 	: 	: 	: 	: 	: 	: 	: 	: 	: 	: 	: 	: 	: 	: 	14.4 	12.3 	12.1 	12.0 	12.9 	13.0 	11.2 	10.2 	9.2 	8.2 	8.7 	: 	9.6 	9.6 
A,RT,TR63	: 	: 	: 	: 	: 	: 	: 	: 	: 	: 	: 	: 	: 	: 	: 	: 	: 	: 	: 	13.9 	12.8 	14.2 	13.4 	12.3 	11.6 	11.9 	11.9 	10.3 	11.1 	10.6 	: 	9.4 	9.9 
A,RT,TR7	: 	: 	: 	: 	: 	: 	: 	: 	: 	: 	: 	: 	: 	: 	: 	: 	: 	: 	: 	12.0 	11.0 	11.0 	11.0 	9.5 	10.1 	10.7 	8.7 	8.7 	9.3 	10.5 	: 	9.5 	10.9 
A,RT,TR71	: 	: 	: 	: 	: 	: 	: 	: 	: 	: 	: 	: 	: 	: 	: 	: 	: 	: 	: 	12.9 	11.8 	10.9 	11.4 	9.1 	10.2 	9.3 	8.4 	9.0 	9.6 	10.8 	: 	9.0 	11.0 
A,RT,TR72	: 	: 	: 	: 	: 	: 	: 	: 	: 	: 	: 	: 	: 	: 	: 	: 	: 	: 	: 	11.4 	10.5 	11.0 	10.7 	9.8 	10.1 	11.6 	8.8 	8.6 	9.1 	10.3 	: 	9.9 	10.8 
A,RT,TR8	: 	: 	: 	: 	: 	: 	: 	: 	: 	: 	: 	: 	: 	: 	: 	: 	: 	: 	: 	13.1 	11.3 	10.3 	10.7 	8.6 	10.1 	8.4 	8.4 	7.3 	8.9 	7.6 	: 	6.9 	8.0 
A,RT,TR81	: 	: 	: 	: 	: 	: 	: 	: 	: 	: 	: 	: 	: 	: 	: 	: 	: 	: 	: 	9.6 	8.6 	8.4 	9.9 	7.6 	8.5 	7.0 	9.1 	8.1 	9.5 	5.4 	: 	7.5 	8.3 
A,RT,TR82	: 	: 	: 	: 	: 	: 	: 	: 	: 	: 	: 	: 	: 	: 	: 	: 	: 	: 	: 	12.7 	11.9 	9.1 	11.0 	9.4 	8.9 	8.0 	8.7 	6.4 	10.1 	7.0 	: 	7.2 	7.5 
A,RT,TR83	: 	: 	: 	: 	: 	: 	: 	: 	: 	: 	: 	: 	: 	: 	: 	: 	: 	: 	: 	14.4 	12.1 	11.2 	10.9 	8.7 	11.0 	8.9 	8.2 	7.2 	8.4 	8.4 	: 	6.6 	8.0 
A,RT,TR9	: 	: 	: 	: 	: 	: 	: 	: 	: 	: 	: 	: 	: 	: 	: 	: 	: 	: 	: 	11.5 	10.7 	10.4 	10.7 	8.2 	9.3 	8.0 	7.2 	9.1 	7.6 	6.3 	: 	7.7 	8.3 
A,RT,TR90	: 	: 	: 	: 	: 	: 	: 	: 	: 	: 	: 	: 	: 	: 	: 	: 	: 	: 	: 	11.5 	10.7 	10.4 	10.7 	8.2 	9.3 	8.0 	7.2 	9.1 	7.6 	6.3 	: 	7.7 	8.3 
A,RT,TRA	: 	: 	: 	: 	: 	: 	: 	: 	: 	: 	: 	: 	: 	: 	: 	: 	: 	: 	: 	13.0 	14.0 	15.5 	13.2 	14.9 	13.0 	13.3 	12.3 	11.3 	10.6 	10.2 	: 	11.4 	9.7 
A,RT,TRA1	: 	: 	: 	: 	: 	: 	: 	: 	: 	: 	: 	: 	: 	: 	: 	: 	: 	: 	: 	14.0 	12.1 	11.8 	10.2 	14.3 	12.1 	12.4 	11.3 	11.6 	9.8 	9.8 	: 	10.2 	8.8 
A,RT,TRA2	: 	: 	: 	: 	: 	: 	: 	: 	: 	: 	: 	: 	: 	: 	: 	: 	: 	: 	: 	12.4 	15.3 	18.1 	15.3 	15.3 	13.6 	14.0 	13.1 	11.0 	11.1 	10.5 	: 	12.2 	10.3 
A,RT,TRB	: 	: 	: 	: 	: 	: 	: 	: 	: 	: 	: 	: 	: 	: 	: 	: 	: 	: 	: 	17.5 	14.6 	13.6 	13.3 	15.4 	14.6 	14.3 	13.7 	12.4 	11.1 	11.2 	: 	12.0 	11.0 
A,RT,TRB1	: 	: 	: 	: 	: 	: 	: 	: 	: 	: 	: 	: 	: 	: 	: 	: 	: 	: 	: 	18.3 	15.8 	13.7 	17.1 	14.5 	12.7 	11.2 	12.7 	10.5 	9.7 	9.9 	: 	9.8 	9.2 
A,RT,TRB2	: 	: 	: 	: 	: 	: 	: 	: 	: 	: 	: 	: 	: 	: 	: 	: 	: 	: 	: 	17.1 	14.0 	13.6 	11.3 	15.8 	15.6 	15.8 	14.2 	13.4 	11.7 	11.8 	: 	13.1 	11.9 
A,RT,TRC	: 	: 	: 	: 	: 	: 	: 	: 	: 	: 	: 	: 	: 	: 	: 	: 	: 	: 	: 	17.5 	16.1 	16.0 	15.6 	15.5 	16.5 	15.9 	14.5 	12.6 	13.1 	12.9 	: 	13.9 	13.6 
A,RT,TRC1	: 	: 	: 	: 	: 	: 	: 	: 	: 	: 	: 	: 	: 	: 	: 	: 	: 	: 	: 	20.5 	17.3 	16.5 	15.8 	16.7 	16.9 	16.4 	14.0 	12.6 	14.4 	15.1 	: 	14.8 	14.7 
A,RT,TRC2	: 	: 	: 	: 	: 	: 	: 	: 	: 	: 	: 	: 	: 	: 	: 	: 	: 	: 	: 	16.4 	16.0 	15.7 	15.4 	15.0 	16.3 	16.6 	15.1 	12.5 	12.1 	12.6 	: 	13.8 	13.9 
A,RT,TRC3	: 	: 	: 	: 	: 	: 	: 	: 	: 	: 	: 	: 	: 	: 	: 	: 	: 	: 	: 	16.3 	15.3 	16.0 	15.9 	15.3 	16.3 	14.2 	13.8 	12.9 	13.5 	11.3 	: 	13.3 	12.0 
A,RT,UK	: 	: 	: 	6.3 	6.1 	6.2 	6.1 	5.8 	5.7 	5.8 	5.6 	5.5 	5.2 	5.2 	5.0 	5.0 	4.9 	4.7 	4.6 	4.5 	4.2 	4.2 	4.0 	3.9 	3.9 	3.9 	3.8 	3.9 	3.9 	: 	: 	: 	: 
A,RT,UKC	: 	: 	: 	: 	: 	: 	: 	: 	: 	: 	6.5 	5.4 	4.9 	4.6 	4.7 	4.4 	5.4 	4.7 	4.1 	3.6 	3.8 	3.4 	3.5 	3.2 	4.2 	3.3 	3.5 	3.1 	3.4 	: 	: 	: 	: 
A,RT,UKC1	: 	: 	: 	: 	: 	: 	: 	: 	: 	: 	6.4 	6.7 	4.8 	4.6 	5.1 	5.2 	6.5 	4.6 	4.6 	3.5 	4.2 	3.7 	3.3 	3.0 	4.6 	3.8 	4.6 	3.5 	3.2 	: 	: 	: 	: 
A,RT,UKC2	: 	: 	: 	: 	: 	: 	: 	: 	: 	: 	6.6 	4.3 	4.9 	4.6 	4.4 	3.7 	4.4 	4.7 	3.7 	3.7 	3.4 	3.1 	3.6 	3.4 	3.8 	3.0 	2.5 	2.8 	3.7 	: 	: 	: 	: 
A,RT,UKD	: 	: 	: 	: 	: 	: 	: 	: 	: 	: 	6.1 	5.8 	5.3 	5.8 	5.2 	5.6 	5.5 	4.9 	5.0 	4.6 	4.5 	4.5 	4.2 	4.1 	4.3 	4.1 	4.9 	4.7 	4.2 	: 	: 	: 	: 
A,RT,UKD1	: 	: 	: 	: 	: 	: 	: 	: 	: 	: 	3.4 	4.7 	2.7 	5.8 	4.3 	4.4 	4.7 	4.2 	4.9 	3.3 	1.6 	3.2 	4.2 	2.9 	4.4 	2.7 	4.6 	2.4 	4.1 	: 	: 	: 	: 
A,RT,UKD3	: 	: 	: 	: 	: 	: 	: 	: 	: 	: 	6.5 	6.3 	5.8 	6.0 	5.7 	5.2 	5.4 	5.1 	5.3 	4.5 	4.8 	4.8 	4.0 	4.0 	4.5 	4.3 	5.4 	5.0 	4.3 	: 	: 	: 	: 
A,RT,UKD4	: 	: 	: 	: 	: 	: 	: 	: 	: 	: 	7.0 	6.6 	5.1 	6.6 	5.2 	6.2 	6.4 	5.4 	5.0 	5.7 	5.3 	5.1 	4.7 	5.4 	4.5 	4.7 	4.7 	5.2 	4.6 	: 	: 	: 	: 
A,RT,UKD6	: 	: 	: 	: 	: 	: 	: 	: 	: 	: 	4.1 	4.1 	5.6 	5.3 	5.1 	4.7 	4.7 	3.7 	4.8 	4.1 	3.4 	4.4 	3.7 	3.6 	4.7 	3.3 	3.6 	3.2 	3.1 	: 	: 	: 	: 
A,RT,UKD7	: 	: 	: 	: 	: 	: 	: 	: 	: 	: 	6.5 	5.4 	5.2 	5.0 	4.8 	6.8 	5.5 	4.8 	4.8 	4.5 	4.6 	3.8 	4.5 	3.7 	3.6 	4.1 	4.7 	5.1 	4.5 	: 	: 	: 	: 
A,RT,UKE	: 	: 	: 	: 	: 	: 	: 	: 	: 	: 	7.2 	5.8 	6.1 	5.8 	5.5 	6.1 	5.6 	5.5 	5.2 	5.3 	5.1 	4.7 	4.2 	4.3 	4.0 	4.5 	3.7 	4.2 	4.3 	: 	: 	: 	: 
A,RT,UKE1	: 	: 	: 	: 	: 	: 	: 	: 	: 	: 	5.8 	6.0 	5.4 	4.9 	4.5 	4.7 	4.9 	4.0 	4.3 	4.9 	4.8 	3.9 	3.7 	3.8 	2.8 	3.7 	3.1 	4.8 	3.3 	: 	: 	: 	: 
A,RT,UKE2	: 	: 	: 	: 	: 	: 	: 	: 	: 	: 	6.1 	2.8 	2.9 	2.4 	3.9 	5.1 	4.0 	4.1 	3.1 	4.4 	4.1 	3.0 	3.0 	4.4 	3.1 	2.5 	2.1 	2.5 	3.4 	: 	: 	: 	: 
A,RT,UKE3	: 	: 	: 	: 	: 	: 	: 	: 	: 	: 	6.7 	5.5 	6.5 	5.8 	6.2 	5.4 	6.1 	6.0 	4.9 	4.6 	5.0 	4.3 	4.7 	4.6 	4.3 	5.2 	3.6 	3.1 	4.5 	: 	: 	: 	: 
A,RT,UKE4	: 	: 	: 	: 	: 	: 	: 	: 	: 	: 	8.2 	6.7 	7.1 	7.1 	5.9 	7.2 	6.1 	6.2 	6.2 	6.0 	5.5 	5.7 	4.3 	4.3 	4.5 	4.9 	4.3 	5.0 	4.7 	: 	: 	: 	: 
A,RT,UKF	: 	: 	: 	: 	: 	: 	: 	: 	: 	: 	5.4 	5.0 	5.6 	5.9 	5.0 	4.6 	5.2 	5.1 	4.8 	4.9 	3.9 	4.2 	4.3 	3.9 	4.3 	4.6 	4.0 	4.1 	4.0 	: 	: 	: 	: 
A,RT,UKF1	: 	: 	: 	: 	: 	: 	: 	: 	: 	: 	6.1 	5.6 	6.1 	5.3 	5.2 	4.6 	5.0 	5.1 	5.0 	5.5 	3.9 	3.9 	3.4 	3.6 	5.2 	4.9 	3.9 	4.0 	4.4 	: 	: 	: 	: 
A,RT,UKF2	: 	: 	: 	: 	: 	: 	: 	: 	: 	: 	4.9 	4.5 	4.7 	6.2 	4.5 	4.6 	5.6 	5.0 	4.6 	4.5 	4.1 	5.0 	4.9 	4.2 	4.0 	4.8 	4.4 	4.4 	4.2 	: 	: 	: 	: 
A,RT,UKF3	: 	: 	: 	: 	: 	: 	: 	: 	: 	: 	4.5 	4.0 	6.5 	7.2 	6.0 	4.5 	5.1 	5.6 	4.8 	4.2 	3.7 	3.3 	5.5 	4.0 	2.7 	2.8 	3.3 	3.7 	1.9 	: 	: 	: 	: 
A,RT,UKG	: 	: 	: 	: 	: 	: 	: 	: 	: 	: 	6.9 	6.3 	6.4 	7.2 	6.6 	6.4 	6.3 	5.9 	6.4 	5.9 	5.4 	5.8 	5.3 	5.4 	5.5 	6.1 	6.2 	5.5 	5.7 	: 	: 	: 	: 
A,RT,UKG1	: 	: 	: 	: 	: 	: 	: 	: 	: 	: 	4.7 	4.2 	3.5 	4.6 	5.6 	5.1 	3.6 	4.4 	3.9 	4.5 	4.1 	3.6 	3.0 	3.6 	4.9 	5.1 	4.7 	2.9 	4.3 	: 	: 	: 	: 
A,RT,UKG2	: 	: 	: 	: 	: 	: 	: 	: 	: 	: 	7.2 	5.9 	5.8 	6.8 	5.4 	5.6 	5.6 	5.6 	5.5 	5.7 	4.8 	5.3 	5.1 	5.0 	4.7 	6.6 	5.0 	5.5 	5.3 	: 	: 	: 	: 
A,RT,UKG3	: 	: 	: 	: 	: 	: 	: 	: 	: 	: 	7.5 	7.3 	7.8 	8.3 	7.5 	7.2 	7.6 	6.5 	7.8 	6.6 	6.1 	6.8 	6.2 	6.2 	6.1 	6.3 	7.2 	6.4 	6.4 	: 	: 	: 	: 
A,RT,UKH	: 	: 	: 	: 	: 	: 	: 	: 	: 	: 	4.3 	4.5 	4.4 	4.4 	4.2 	3.9 	4.0 	4.3 	4.3 	4.0 	3.5 	3.9 	3.9 	3.3 	3.6 	3.1 	3.2 	3.4 	3.5 	: 	: 	: 	: 
A,RT,UKH1	: 	: 	: 	: 	: 	: 	: 	: 	: 	: 	4.1 	4.5 	3.8 	4.9 	4.5 	4.1 	4.4 	4.5 	4.4 	3.9 	3.6 	4.2 	4.4 	3.4 	3.8 	3.0 	3.5 	3.2 	3.7 	: 	: 	: 	: 
A,RT,UKH2	: 	: 	: 	: 	: 	: 	: 	: 	: 	: 	4.8 	5.0 	4.6 	3.8 	4.1 	4.3 	3.6 	3.8 	4.5 	5.1 	3.1 	4.1 	3.5 	2.9 	3.5 	2.8 	3.3 	3.9 	3.6 	: 	: 	: 	: 
A,RT,UKH3	: 	: 	: 	: 	: 	: 	: 	: 	: 	: 	4.1 	3.9 	4.9 	4.5 	3.9 	3.4 	4.1 	4.6 	3.9 	3.0 	3.8 	3.5 	3.6 	3.7 	3.6 	3.5 	2.7 	3.2 	3.0 	: 	: 	: 	: 
A,RT,UKI	: 	: 	: 	: 	: 	: 	: 	: 	: 	: 	5.4 	6.1 	5.6 	5.4 	5.2 	5.0 	4.8 	4.5 	4.2 	4.4 	4.6 	4.1 	3.8 	3.8 	3.1 	3.3 	3.3 	3.5 	3.2 	: 	: 	: 	: 
A,RT,UKI3	: 	: 	: 	: 	: 	: 	: 	: 	: 	: 	: 	: 	: 	: 	: 	: 	: 	: 	: 	: 	: 	: 	: 	3.9 	2.9 	1.8 	2.9 	3.0 	2.6 	: 	: 	: 	: 
A,RT,UKI4	: 	: 	: 	: 	: 	: 	: 	: 	: 	: 	: 	: 	: 	: 	: 	: 	: 	: 	: 	: 	: 	: 	: 	3.8 	3.5 	4.5 	3.2 	3.8 	3.5 	: 	: 	: 	: 
A,RT,UKI5	: 	: 	: 	: 	: 	: 	: 	: 	: 	: 	: 	: 	: 	: 	: 	: 	: 	: 	: 	: 	: 	: 	: 	3.9 	2.7 	2.9 	3.4 	3.2 	3.4 	: 	: 	: 	: 
A,RT,UKI6	: 	: 	: 	: 	: 	: 	: 	: 	: 	: 	: 	: 	: 	: 	: 	: 	: 	: 	: 	: 	: 	: 	: 	3.2 	3.1 	3.2 	4.0 	3.7 	3.5 	: 	: 	: 	: 
A,RT,UKI7	: 	: 	: 	: 	: 	: 	: 	: 	: 	: 	: 	: 	: 	: 	: 	: 	: 	: 	: 	: 	: 	: 	: 	3.8 	3.0 	3.0 	2.9 	3.5 	2.7 	: 	: 	: 	: 
A,RT,UKJ	: 	: 	: 	: 	: 	: 	: 	: 	: 	: 	4.4 	4.2 	4.4 	4.2 	3.9 	3.9 	4.1 	3.8 	3.9 	3.8 	3.5 	3.5 	3.3 	3.4 	3.3 	3.0 	3.4 	3.9 	3.6 	: 	: 	: 	: 
A,RT,UKJ1	: 	: 	: 	: 	: 	: 	: 	: 	: 	: 	4.6 	5.3 	3.8 	4.8 	3.9 	4.4 	4.6 	4.0 	4.5 	4.3 	4.0 	3.8 	3.8 	4.4 	3.3 	3.1 	3.7 	4.3 	3.3 	: 	: 	: 	: 
A,RT,UKJ2	: 	: 	: 	: 	: 	: 	: 	: 	: 	: 	4.5 	3.1 	4.5 	3.7 	3.9 	3.4 	4.3 	3.8 	3.7 	3.6 	3.3 	3.5 	3.6 	3.0 	3.3 	3.0 	2.5 	2.7 	3.9 	: 	: 	: 	: 
A,RT,UKJ3	: 	: 	: 	: 	: 	: 	: 	: 	: 	: 	4.4 	4.8 	4.3 	3.4 	3.2 	3.2 	3.3 	3.4 	3.3 	3.5 	3.5 	3.1 	2.5 	3.2 	3.0 	2.6 	3.8 	4.6 	3.9 	: 	: 	: 	: 
A,RT,UKJ4	: 	: 	: 	: 	: 	: 	: 	: 	: 	: 	3.8 	3.4 	5.4 	5.1 	4.3 	4.5 	3.9 	4.0 	3.9 	3.6 	3.2 	3.3 	2.7 	2.9 	3.3 	3.2 	4.0 	4.1 	3.6 	: 	: 	: 	: 
A,RT,UKK	: 	: 	: 	: 	: 	: 	: 	: 	: 	: 	4.6 	5.4 	4.4 	4.0 	4.7 	4.5 	4.0 	4.0 	3.8 	3.7 	3.1 	3.6 	3.6 	3.8 	3.3 	3.7 	3.1 	3.1 	3.6 	: 	: 	: 	: 
A,RT,UKK1	: 	: 	: 	: 	: 	: 	: 	: 	: 	: 	4.7 	5.7 	4.2 	4.4 	4.5 	4.0 	3.9 	3.9 	3.8 	3.4 	2.7 	2.9 	3.1 	3.5 	3.1 	3.6 	2.9 	3.1 	3.2 	: 	: 	: 	: 
A,RT,UKK2	: 	: 	: 	: 	: 	: 	: 	: 	: 	: 	4.3 	5.1 	5.0 	3.3 	4.3 	4.9 	4.2 	3.9 	3.9 	4.2 	2.5 	3.5 	3.8 	3.7 	3.2 	3.5 	3.6 	2.6 	3.9 	: 	: 	: 	: 
A,RT,UKK3	: 	: 	: 	: 	: 	: 	: 	: 	: 	: 	4.0 	5.1 	5.2 	4.1 	5.9 	4.6 	4.3 	3.9 	4.0 	2.9 	3.6 	5.3 	5.2 	4.6 	3.9 	4.6 	3.4 	3.5 	5.2 	: 	: 	: 	: 
A,RT,UKK4	: 	: 	: 	: 	: 	: 	: 	: 	: 	: 	4.9 	5.1 	3.8 	3.6 	4.8 	5.2 	4.1 	4.6 	3.6 	4.2 	4.4 	4.3 	3.8 	4.2 	3.6 	3.6 	3.0 	3.3 	3.6 	: 	: 	: 	: 
A,RT,UKL	: 	: 	: 	: 	: 	: 	: 	: 	: 	: 	5.2 	5.4 	4.6 	3.9 	5.0 	4.1 	3.8 	5.1 	4.0 	4.5 	3.9 	3.7 	4.0 	3.6 	3.7 	3.7 	3.1 	3.4 	3.5 	: 	: 	: 	: 
A,RT,UKL1	: 	: 	: 	: 	: 	: 	: 	: 	: 	: 	4.6 	4.9 	4.6 	3.8 	4.5 	4.0 	4.1 	4.9 	4.0 	4.6 	3.6 	3.9 	3.8 	3.5 	3.5 	3.7 	2.8 	3.2 	3.3 	: 	: 	: 	: 
A,RT,UKL2	: 	: 	: 	: 	: 	: 	: 	: 	: 	: 	6.1 	6.2 	4.7 	4.2 	5.9 	4.3 	3.3 	5.3 	4.1 	4.3 	4.3 	3.5 	4.2 	3.9 	3.9 	3.7 	3.6 	3.8 	3.7 	: 	: 	: 	: 
A,RT,UKM	: 	: 	: 	: 	: 	: 	: 	: 	: 	: 	5.7 	5.5 	5.3 	5.1 	4.9 	5.2 	4.5 	4.7 	4.2 	4.0 	3.7 	4.0 	3.8 	3.3 	3.6 	3.4 	3.3 	3.3 	3.2 	: 	: 	: 	: 
A,RT,UKM5	: 	: 	: 	: 	: 	: 	: 	: 	: 	: 	4.8 	6.7 	3.4 	6.0 	6.1 	4.4 	6.3 	3.9 	2.8 	3.7 	3.8 	3.0 	3.6 	3.5 	4.5 	2.7 	2.8 	1.0 	2.0 	: 	: 	: 	: 
A,RT,UKM6	: 	: 	: 	: 	: 	: 	: 	: 	: 	: 	3.8 	4.3 	2.3 	2.7 	3.5 	3.2 	3.7 	2.4 	3.4 	2.8 	2.8 	4.2 	4.0 	2.5 	1.8 	3.5 	1.2 	1.7 	2.8 	: 	: 	: 	: 
A,RT,UKM7	: 	: 	: 	: 	: 	: 	: 	: 	: 	: 	: 	: 	: 	: 	: 	: 	: 	: 	: 	: 	: 	: 	: 	: 	: 	: 	: 	3.8 	3.8 	: 	: 	: 	: 
A,RT,UKM8	: 	: 	: 	: 	: 	: 	: 	: 	: 	: 	: 	: 	: 	: 	: 	: 	: 	: 	: 	: 	: 	: 	: 	: 	: 	: 	: 	4.2 	3.1 	: 	: 	: 	: 
A,RT,UKM9	: 	: 	: 	: 	: 	: 	: 	: 	: 	: 	: 	: 	: 	: 	: 	: 	: 	: 	: 	: 	: 	: 	: 	: 	: 	: 	: 	3.0 	2.8 	: 	: 	: 	: 
A,RT,UKN	: 	: 	: 	: 	: 	: 	: 	: 	: 	: 	4.8 	5.9 	4.5 	5.0 	4.7 	5.7 	4.8 	4.5 	4.4 	4.8 	5.4 	3.9 	3.4 	4.6 	4.8 	5.0 	4.5 	3.8 	4.2 	: 	: 	: 	: 
A,RT,UKN0	: 	: 	: 	: 	: 	: 	: 	: 	: 	: 	4.8 	5.9 	4.5 	5.0 	4.7 	5.7 	4.8 	4.5 	4.4 	4.8 	5.4 	3.9 	3.4 	4.6 	4.8 	5.0 	4.5 	3.8 	4.2 	: 	: 	: 	: 
